horizon,fold,model,date,actual_log_vol,predicted_log_vol,actual_vol,predicted_vol
5,1,Persistence,2020-02-26,-0.6707285867792426,-0.9793520707687634,0.51133588946632,0.375554352680276
5,1,Persistence,2020-02-27,-0.708395428847691,-1.1064662431158814,0.492433708801579,0.330725602422027
5,1,Persistence,2020-02-28,-0.7233990098117524,-0.9958745061473544,0.485100588872568,0.369400260452818
5,1,Persistence,2020-03-02,-1.2585473747231386,-0.5970912758798055,0.284066368925555,0.550410301648757
5,1,Persistence,2020-03-03,-1.0116727351305017,-0.5834131685858952,0.36361024695535293,0.557990596671564
5,1,Persistence,2020-03-04,-1.0894013181548092,-0.6707285867792426,0.336417840682945,0.51133588946632
5,1,Persistence,2020-03-05,-1.0592824135518506,-0.708395428847691,0.34670451154607207,0.492433708801579
5,1,Persistence,2020-03-06,-1.0915480296319011,-0.7233990098117524,0.3356964232578321,0.485100588872568
5,1,Persistence,2020-03-09,-1.0360685495551951,-1.2585473747231386,0.3548470066598191,0.284066368925555
5,1,Persistence,2020-03-10,-1.288557023378643,-1.0116727351305015,0.275668279114057,0.36361024695535304
5,1,Persistence,2020-03-11,-1.3343555924455377,-1.0894013181548092,0.2633278112237259,0.336417840682945
5,1,Persistence,2020-03-12,-1.41271393171505,-1.0592824135518506,0.24348159325101196,0.34670451154607207
5,1,Persistence,2020-03-13,-1.333954093738444,-1.0915480296319013,0.263433558226696,0.335696423257832
5,1,Persistence,2020-03-16,-0.8802065680841444,-1.0360685495551953,0.414697239619041,0.35484700665981905
5,1,Persistence,2020-03-17,-0.8699443566841311,-1.288557023378643,0.418974861749614,0.275668279114057
5,1,Persistence,2020-03-18,-0.6935156699540517,-1.3343555924455375,0.499815789244886,0.263327811223726
5,1,Persistence,2020-03-19,-0.6923351751351695,-1.4127139317150499,0.500406167595216,0.243481593251012
5,1,Persistence,2020-03-20,-0.7551279701898436,-1.333954093738444,0.469950471231312,0.263433558226696
5,1,Persistence,2020-03-23,-1.0834599720115976,-0.8802065680841444,0.338422565006599,0.414697239619041
5,1,Persistence,2020-03-24,-1.1324864470717926,-0.8699443566841311,0.322231049064097,0.418974861749614
5,1,Persistence,2020-03-25,-1.31379122440188,-0.6935156699540517,0.26879904466802107,0.499815789244886
5,1,Persistence,2020-03-26,-1.0055802194227463,-0.6923351751351695,0.365832310200696,0.500406167595216
5,1,Persistence,2020-03-27,-0.9598189820295028,-0.7551279701898436,0.38296220274185,0.469950471231312
5,1,Persistence,2020-03-30,-1.0380506991882537,-1.0834599720115976,0.354144343417679,0.338422565006599
5,1,Persistence,2020-03-31,-0.9348791238816055,-1.1324864470717926,0.39263332265523904,0.322231049064097
5,1,Persistence,2020-04-01,-1.001204146632108,-1.3137912244018801,0.36743672698122803,0.268799044668021
5,1,Persistence,2020-04-02,-1.308909367999206,-1.0055802194227463,0.270114491303523,0.365832310200696
5,1,Persistence,2020-04-03,-1.3998914654821903,-0.9598189820295028,0.246623729676658,0.38296220274185
5,1,Persistence,2020-04-07,-1.2895359235110817,-1.0380506991882537,0.27539855943497604,0.354144343417679
5,1,Persistence,2020-04-08,-1.5619532656922983,-0.9348791238816057,0.20972602022179904,0.392633322655239
5,1,Persistence,2020-04-09,-2.017188322479453,-1.001204146632108,0.133028974316962,0.36743672698122803
5,1,Persistence,2020-04-10,-1.907763337794281,-1.308909367999206,0.14841196307362697,0.270114491303523
5,1,Persistence,2020-04-13,-1.7737073945513806,-1.3998914654821903,0.169702666379688,0.246623729676658
5,1,Persistence,2020-04-14,-1.4308184047086396,-1.2895359235110817,0.239113150816027,0.27539855943497604
5,1,Persistence,2020-04-15,-1.3038741217096612,-1.5619532656922985,0.271478014249677,0.209726020221799
5,1,Persistence,2020-04-16,-1.241498283770461,-2.017188322479453,0.288950962912422,0.133028974316962
5,1,Persistence,2020-04-17,-1.2662575963961635,-1.9077633377942742,0.28188457611290607,0.148411963073628
5,1,Persistence,2020-04-20,-1.2991079427636818,-1.7737073945513806,0.272775015460149,0.169702666379688
5,1,Persistence,2020-04-21,-1.6275134528204558,-1.4308184047086396,0.196417368467332,0.239113150816027
5,1,Persistence,2020-04-22,-1.9039005943679648,-1.3038741217096612,0.14898634904700706,0.271478014249677
5,1,Persistence,2020-04-23,-1.590547547336467,-1.241498283770461,0.203813983372366,0.288950962912422
5,1,Persistence,2020-04-24,-1.6005731589230396,-1.2662575963961635,0.20178083236012997,0.28188457611290607
5,1,Persistence,2020-04-27,-1.423899742593444,-1.2991079427636818,0.24077323005545895,0.272775015460149
5,1,Persistence,2020-04-28,-1.3836584036914117,-1.6275134528204558,0.25065985865470797,0.196417368467332
5,1,Persistence,2020-04-29,-1.375801707367942,-1.9039005943679652,0.252636973670564,0.14898634904700697
5,1,Persistence,2020-04-30,-1.577005679413463,-1.590547547336467,0.206592777985887,0.203813983372366
5,1,Persistence,2020-05-06,-1.5025824248025492,-1.6005731589230396,0.222554686666977,0.20178083236012997
5,1,Persistence,2020-05-07,-1.7649378030906495,-1.4238997425934439,0.17119743410510302,0.240773230055459
5,1,Persistence,2020-05-08,-1.3629004886204337,-1.3836584036914115,0.255917413869922,0.2506598586547081
5,1,Persistence,2020-05-11,-1.0412996232962908,-1.375801707367942,0.35299562238679394,0.252636973670564
5,1,Persistence,2020-05-12,-0.930368059301396,-1.577005679413463,0.39440851792995196,0.206592777985887
5,1,Persistence,2020-05-13,-0.9389026777323548,-1.5025824248025492,0.391056715247313,0.222554686666977
5,1,Persistence,2020-05-14,-0.8497180132520427,-1.7649378030906497,0.427535474290288,0.171197434105103
5,1,Persistence,2020-05-15,-0.9947324349044944,-1.3629004886204337,0.36982238286843994,0.255917413869922
5,1,Persistence,2020-05-18,-1.2694303063017702,-1.0412996232962908,0.280991655364305,0.35299562238679394
5,1,Persistence,2020-05-19,-1.1882346296908184,-0.9303680593013959,0.30475880159049695,0.394408517929952
5,1,Persistence,2020-05-20,-1.1802362874646046,-0.9389026777323548,0.30720614106434196,0.391056715247313
5,1,Persistence,2020-05-21,-1.3585454150393284,-0.8497180132520427,0.257034383515076,0.427535474290288
5,1,Persistence,2020-05-22,-0.7446392911985096,-0.9947324349044943,0.474905571668023,0.36982238286844
5,1,Persistence,2020-05-25,-0.7500222583077308,-1.2694303063017667,0.472356038777934,0.280991655364306
5,1,Persistence,2020-05-26,-0.880092280889194,-1.1882346296908184,0.414744636911711,0.30475880159049695
5,1,Persistence,2020-05-27,-0.8960286377210349,-1.1802362874646046,0.408187505550626,0.30720614106434196
5,1,Persistence,2020-05-28,-0.8201346503689125,-1.3585454150393284,0.440372354213732,0.257034383515076
5,1,Persistence,2020-05-29,-1.6229029469316143,-0.7446392911985096,0.197325042712196,0.474905571668023
5,1,Persistence,2020-06-01,-0.9257083976485388,-0.7500222583077308,0.39625061662179,0.472356038777934
5,1,Persistence,2020-06-02,-0.884605216418903,-0.880092280889194,0.412877138224172,0.414744636911711
5,1,Persistence,2020-06-03,-0.8609160420057792,-0.8960286377210349,0.422774625565517,0.408187505550626
5,1,Persistence,2020-06-04,-0.950514335394824,-0.8201346503689125,0.38654216000314795,0.440372354213732
5,1,Persistence,2020-06-05,-0.8869269792341081,-1.6229029469316092,0.411919647400809,0.197325042712197
5,1,Persistence,2020-06-08,-1.3334782819639557,-0.9257083976485388,0.263558932840489,0.39625061662179
5,1,Persistence,2020-06-09,-1.2433565123658874,-0.884605216418903,0.2884145245373869,0.412877138224172
5,1,Persistence,2020-06-10,-1.1915719801605458,-0.8609160420057792,0.303743409962164,0.422774625565517
5,1,Persistence,2020-06-11,-1.1906432165398977,-0.9505143353948239,0.304025646836731,0.386542160003148
5,1,Persistence,2020-06-12,-1.362733727767638,-0.8869269792341081,0.25596009443472906,0.411919647400809
5,1,Persistence,2020-06-15,-1.359495336231951,-1.3334782819639557,0.256790337037754,0.263558932840489
5,1,Persistence,2020-06-16,-1.6343032910255944,-1.2433565123658874,0.19508824369210997,0.2884145245373869
5,1,Persistence,2020-06-17,-1.6446016651225326,-1.1915719801605458,0.193089461744062,0.303743409962164
5,1,Persistence,2020-06-18,-0.9625129875672216,-1.1906432165398977,0.381931888905656,0.304025646836731
5,1,Persistence,2020-06-19,-0.9427758794460394,-1.3627337277676381,0.389545003180406,0.255960094434729
5,1,Persistence,2020-06-22,-1.004940348043323,-1.359495336231951,0.366066470733984,0.256790337037754
5,1,Persistence,2020-06-23,-1.0047750424758408,-1.6343032910255944,0.366126988561494,0.19508824369210997
5,1,Persistence,2020-06-24,-1.0478867276979833,-1.6446016651225326,0.350678044811473,0.193089461744062
5,1,Persistence,2020-06-29,-2.079197450136137,-0.9625129875672216,0.125030515167058,0.381931888905656
5,1,Persistence,2020-06-30,-1.708307824428645,-0.9427758794460394,0.18117210839002304,0.389545003180406
5,1,Persistence,2020-07-01,-1.336640049942928,-1.004940348043323,0.262726936628659,0.366066470733984
5,1,Persistence,2020-07-02,-1.3442723457348742,-1.0047750424758408,0.260729359681745,0.366126988561494
5,1,Persistence,2020-07-03,-1.3878112913658625,-1.0478867276979833,0.249621054927793,0.350678044811473
5,1,Persistence,2020-07-06,-0.8719208398613667,-2.079197450136137,0.418147582804453,0.125030515167058
5,1,Persistence,2020-07-07,-0.9239907222590404,-1.708307824428645,0.39693183143951,0.18117210839002304
5,1,Persistence,2020-07-08,-1.056213294208467,-1.336640049942928,0.34777022363114496,0.262726936628659
5,1,Persistence,2020-07-09,-1.0243775148654704,-1.3442723457348742,0.359019880401031,0.260729359681745
5,1,Persistence,2020-07-10,-1.0250116110228218,-1.3878112913658625,0.358792299436189,0.249621054927793
5,1,Persistence,2020-07-13,-1.9362766136503,-0.8719208398613667,0.14424001246764098,0.418147582804453
5,1,Persistence,2020-07-14,-1.4366736776743962,-0.9239907222590404,0.23771716896403997,0.39693183143951
5,1,Persistence,2020-07-15,-1.4379474283634588,-1.056213294208467,0.23741456931543797,0.34777022363114496
5,1,Persistence,2020-07-16,-1.5032261181447075,-1.0243775148654704,0.222411475793791,0.359019880401031
5,1,Persistence,2020-07-17,-1.3101080238309295,-1.0250116110228191,0.269790910962763,0.35879229943618995
5,1,Persistence,2020-07-20,-1.2667863628970184,-1.9362766136503,0.281735564391625,0.14424001246764098
5,1,Persistence,2020-07-21,-1.616870646347693,-1.4366736776743962,0.198518964108509,0.23771716896403997
5,1,Persistence,2020-07-22,-1.307601273849613,-1.4379474283634546,0.270468057687961,0.237414569315439
5,1,Persistence,2020-07-23,-1.3142961314444437,-1.5032261181447075,0.268663360394189,0.222411475793791
5,1,Persistence,2020-07-24,-1.4482553821076916,-1.3101080238309295,0.234979880802905,0.269790910962763
5,1,Persistence,2020-07-27,-1.2621964077359475,-1.2667863628970184,0.283031690303841,0.281735564391625
5,1,Persistence,2020-07-28,-1.1687418959451843,-1.6168706463476878,0.31075766090421597,0.19851896410851
5,1,Persistence,2020-07-29,-1.3817993071921872,-1.307601273849613,0.251126292959278,0.270468057687961
5,1,Persistence,2020-07-30,-1.1870964535774282,-1.3142961314444437,0.305105868252838,0.268663360394189
5,1,Persistence,2020-07-31,-1.157174700422323,-1.4482553821076916,0.314373125609352,0.234979880802905
5,1,Persistence,2020-08-03,-1.3707418111652845,-1.2621964077359475,0.253918530071215,0.283031690303841
5,1,Persistence,2020-08-04,-1.4461800902523667,-1.1687418959451843,0.23546803899586,0.31075766090421597
5,1,Persistence,2020-08-05,-1.4470082386006315,-1.3817993071921872,0.235273117251497,0.251126292959278
5,1,Persistence,2020-08-06,-1.7912733208598646,-1.1870964535774249,0.16674771109291,0.305105868252839
5,1,Persistence,2020-08-07,-1.8051085162374163,-1.157174700422323,0.164456609396348,0.314373125609352
5,1,Persistence,2020-08-10,-1.8378637484202531,-1.3707418111652845,0.15915706272980606,0.253918530071215
5,1,Persistence,2020-08-11,-1.3124102244372406,-1.4461800902523667,0.269170512578751,0.23546803899586
5,1,Persistence,2020-08-12,-1.296852039455222,-1.4470082386006315,0.27339106413184794,0.235273117251497
5,1,Persistence,2020-08-13,-1.2773013559283095,-1.7912733208598646,0.27878863750543303,0.16674771109291
5,1,Persistence,2020-08-14,-1.3342885917433056,-1.8051085162374163,0.26334545496306,0.164456609396348
5,1,Persistence,2020-08-17,-1.3037371092026455,-1.8378637484202471,0.271515212681276,0.159157062729807
5,1,Persistence,2020-08-18,-1.564672754014836,-1.3124102244372406,0.209156447582972,0.269170512578751
5,1,Persistence,2020-08-19,-1.4226397527557204,-1.2968520394552219,0.24107679308152796,0.273391064131848
5,1,Persistence,2020-08-20,-1.3504951723037515,-1.2773013559283097,0.2591119238258441,0.278788637505433
5,1,Persistence,2020-08-21,-1.2138677846608252,-1.3342885917433056,0.297046144173311,0.26334545496306
5,1,Persistence,2020-08-24,-1.1935529915725482,-1.3037371092026455,0.30314228641360097,0.271515212681276
5,1,Persistence,2020-08-25,-1.363068055052978,-1.564672754014836,0.255874534294543,0.209156447582972
5,1,Persistence,2020-08-26,-1.4677302790822784,-1.4226397527557204,0.23044794456416504,0.24107679308152796
5,1,Persistence,2020-08-27,-1.6209833940657024,-1.3504951723037477,0.19770418233630896,0.259111923825845
5,1,Persistence,2020-08-28,-1.9844287480705556,-1.213867784660822,0.13745911547772896,0.297046144173312
5,1,Persistence,2020-08-31,-2.3247973879248622,-1.1935529915725482,0.09780325816508499,0.30314228641360097
5,1,Persistence,2020-09-01,-2.168742371615348,-1.363068055052978,0.11432130025394298,0.255874534294543
5,1,Persistence,2020-09-02,-1.66005352670154,-1.4677302790822784,0.190128802861461,0.23044794456416504
5,1,Persistence,2020-09-03,-1.6621919111958925,-1.6209833940657024,0.189722668767677,0.19770418233630896
5,1,Persistence,2020-09-04,-1.51220031781356,-1.9844287480705554,0.22042444016430102,0.137459115477729
5,1,Persistence,2020-09-07,-1.4252498267705798,-2.324797387924859,0.240448385260534,0.0978032581650853
5,1,Persistence,2020-09-08,-1.2294762360341494,-2.168742371615348,0.292445710099655,0.11432130025394298
5,1,Persistence,2020-09-09,-1.0145191310361013,-1.66005352670154,0.362576739820211,0.190128802861461
5,1,Persistence,2020-09-10,-1.003537362383144,-1.6621919111958925,0.36658041718854606,0.189722668767677
5,1,Persistence,2020-09-11,-1.015036267560565,-1.5122003178135601,0.362389286618755,0.220424440164301
5,1,Persistence,2020-09-14,-0.8549102986112989,-1.4252498267705798,0.425321341286143,0.240448385260534
5,1,Persistence,2020-09-15,-0.9476464341133534,-1.229476236034146,0.387652315907027,0.292445710099656
5,1,Multi-scale Linear,2020-02-26,-0.6707285867792426,-1.2290775295732952,0.51133588946632,0.29256233334139586
5,1,Multi-scale Linear,2020-02-27,-0.708395428847691,-1.2499886747197708,0.492433708801579,0.28650804162567545
5,1,Multi-scale Linear,2020-02-28,-0.7233990098117524,-1.277052049340941,0.485100588872568,0.2788581500138497
5,1,Multi-scale Linear,2020-03-02,-1.2585473747231386,-1.1754483959566715,0.284066368925555,0.30868053754695207
5,1,Multi-scale Linear,2020-03-03,-1.0116727351305017,-1.2410821598914195,0.36361024695535293,0.2890712273286742
5,1,Multi-scale Linear,2020-03-04,-1.0894013181548092,-1.3076546112297287,0.336417840682945,0.27045363201507616
5,1,Multi-scale Linear,2020-03-05,-1.0592824135518506,-1.3566748694407056,0.34670451154607207,0.2575156280044151
5,1,Multi-scale Linear,2020-03-06,-1.0915480296319011,-1.3609607229171168,0.3356964232578321,0.2564143154727648
5,1,Multi-scale Linear,2020-03-09,-1.0360685495551951,-1.3227985935280457,0.3548470066598191,0.2663887439820883
5,1,Multi-scale Linear,2020-03-10,-1.288557023378643,-1.3018795774329677,0.275668279114057,0.2720200295262934
5,1,Multi-scale Linear,2020-03-11,-1.3343555924455377,-1.3123630996608722,0.2633278112237259,0.26918319747784547
5,1,Multi-scale Linear,2020-03-12,-1.41271393171505,-1.298235331224623,0.24348159325101196,0.2730131459688109
5,1,Multi-scale Linear,2020-03-13,-1.333954093738444,-1.2516471007649281,0.263433558226696,0.2860332830121351
5,1,Multi-scale Linear,2020-03-16,-0.8802065680841444,-1.281075294995167,0.414697239619041,0.2777384890195586
5,1,Multi-scale Linear,2020-03-17,-0.8699443566841311,-1.2439717395738303,0.418974861749614,0.28823713864663386
5,1,Multi-scale Linear,2020-03-18,-0.6935156699540517,-1.2221453443160772,0.499815789244886,0.2945974754766331
5,1,Multi-scale Linear,2020-03-19,-0.6923351751351695,-1.3163790484626618,0.500406167595216,0.2681043393080306
5,1,Multi-scale Linear,2020-03-20,-0.7551279701898436,-1.3184988228135857,0.469950471231312,0.26753662053662347
5,1,Multi-scale Linear,2020-03-23,-1.0834599720115976,-1.3328915347027803,0.338422565006599,0.2637136206993923
5,1,Multi-scale Linear,2020-03-24,-1.1324864470717926,-1.2969997253934,0.322231049064097,0.2733506910973903
5,1,Multi-scale Linear,2020-03-25,-1.31379122440188,-1.2553722993118148,0.26879904466802107,0.28496973443661533
5,1,Multi-scale Linear,2020-03-26,-1.0055802194227463,-1.2455386143732614,0.365832310200696,0.28778586077811574
5,1,Multi-scale Linear,2020-03-27,-0.9598189820295028,-1.2603272518761537,0.38296220274185,0.2835612153745555
5,1,Multi-scale Linear,2020-03-30,-1.0380506991882537,-1.2676163832923708,0.354144343417679,0.2815018151488231
5,1,Multi-scale Linear,2020-03-31,-0.9348791238816055,-1.3176278022810184,0.39263332265523904,0.267769751942706
5,1,Multi-scale Linear,2020-04-01,-1.001204146632108,-1.2923458559484957,0.36743672698122803,0.2746257943069638
5,1,Multi-scale Linear,2020-04-02,-1.308909367999206,-1.2688284498784244,0.270114491303523,0.2811608228991699
5,1,Multi-scale Linear,2020-04-03,-1.3998914654821903,-1.2760701196933217,0.246623729676658,0.27913210357838025
5,1,Multi-scale Linear,2020-04-07,-1.2895359235110817,-1.2538169030934219,0.27539855943497604,0.2854133201702718
5,1,Multi-scale Linear,2020-04-08,-1.5619532656922983,-1.2504148950725544,0.20972602022179904,0.2863859520874697
5,1,Multi-scale Linear,2020-04-09,-2.017188322479453,-1.2335993252705024,0.133028974316962,0.2912424126960692
5,1,Multi-scale Linear,2020-04-10,-1.907763337794281,-1.2106388754142592,0.14841196307362697,0.29800682936287126
5,1,Multi-scale Linear,2020-04-13,-1.7737073945513806,-1.23740325428229,0.169702666379688,0.29013665168449937
5,1,Multi-scale Linear,2020-04-14,-1.4308184047086396,-1.227787625698154,0.239113150816027,0.2929399541237898
5,1,Multi-scale Linear,2020-04-15,-1.3038741217096612,-1.2394055836998414,0.271478014249677,0.28955628376950304
5,1,Multi-scale Linear,2020-04-16,-1.241498283770461,-1.2618127548343145,0.288950962912422,0.2831402970653976
5,1,Multi-scale Linear,2020-04-17,-1.2662575963961635,-1.2424722717725167,0.28188457611290607,0.28866966515392156
5,1,Multi-scale Linear,2020-04-20,-1.2991079427636818,-1.2544652195132369,0.272775015460149,0.2852283419970441
5,1,Multi-scale Linear,2020-04-21,-1.6275134528204558,-1.2353153646003718,0.196417368467332,0.2907430578401841
5,1,Multi-scale Linear,2020-04-22,-1.9039005943679648,-1.2450678653740925,0.14898634904700706,0.28792136757639447
5,1,Multi-scale Linear,2020-04-23,-1.590547547336467,-1.313964214637641,0.203813983372366,0.26875254907966895
5,1,Multi-scale Linear,2020-04-24,-1.6005731589230396,-1.3358658704311765,0.20178083236012997,0.26293041319371313
5,1,Multi-scale Linear,2020-04-27,-1.423899742593444,-1.316921196444317,0.24077323005545895,0.2679590264756904
5,1,Multi-scale Linear,2020-04-28,-1.3836584036914117,-1.3036795377701416,0.25065985865470797,0.2715308446509898
5,1,Multi-scale Linear,2020-04-29,-1.375801707367942,-1.3289690920031383,0.252636973670564,0.264750053611214
5,1,Multi-scale Linear,2020-04-30,-1.577005679413463,-1.3222053376493996,0.206592777985887,0.26654682755782966
5,1,Multi-scale Linear,2020-05-06,-1.5025824248025492,-1.3189922766260862,0.222554686666977,0.2674046361380167
5,1,Multi-scale Linear,2020-05-07,-1.7649378030906495,-1.3347873457561916,0.17119743410510302,0.26321414310950086
5,1,Multi-scale Linear,2020-05-08,-1.3629004886204337,-1.262127542420346,0.255917413869922,0.2830511820416637
5,1,Multi-scale Linear,2020-05-11,-1.0412996232962908,-1.219071064036695,0.35299562238679394,0.2955045442632809
5,1,Multi-scale Linear,2020-05-12,-0.930368059301396,-1.1650589331827155,0.39440851792995196,0.3119042799790739
5,1,Multi-scale Linear,2020-05-13,-0.9389026777323548,-1.1077304758818054,0.391056715247313,0.33030775246437255
5,1,Multi-scale Linear,2020-05-14,-0.8497180132520427,-1.1312972210617895,0.427535474290288,0.3226144825582272
5,1,Multi-scale Linear,2020-05-15,-0.9947324349044944,-1.0745442221621793,0.36982238286843994,0.3414533467088221
5,1,Multi-scale Linear,2020-05-18,-1.2694303063017702,-1.0064183133734486,0.280991655364305,0.3655258367992363
5,1,Multi-scale Linear,2020-05-19,-1.1882346296908184,-1.040655959091173,0.30475880159049695,0.3532229061728593
5,1,Multi-scale Linear,2020-05-20,-1.1802362874646046,-1.0961351940414654,0.30720614106434196,0.33416005505344987
5,1,Multi-scale Linear,2020-05-21,-1.3585454150393284,-1.0760285783490593,0.257034383515076,0.3409468842994007
5,1,Multi-scale Linear,2020-05-22,-0.7446392911985096,-1.088162602750471,0.474905571668023,0.336834824853532
5,1,Multi-scale Linear,2020-05-25,-0.7500222583077308,-1.1010475799266461,0.472356038777934,0.3325225572191815
5,1,Multi-scale Linear,2020-05-26,-0.880092280889194,-1.1555697876682296,0.414744636911711,0.3148780721373637
5,1,Multi-scale Linear,2020-05-27,-0.8960286377210349,-1.1460829373111951,0.408187505550626,0.31787948776825115
5,1,Multi-scale Linear,2020-05-28,-0.8201346503689125,-1.2151349180506203,0.440372354213732,0.2966699854576842
5,1,Multi-scale Linear,2020-05-29,-1.6229029469316143,-1.1369007295903497,0.197325042712196,0.3208117650422672
5,1,Multi-scale Linear,2020-06-01,-0.9257083976485388,-1.141498281132912,0.39625061662179,0.31934020180303924
5,1,Multi-scale Linear,2020-06-02,-0.884605216418903,-1.13143857672923,0.412877138224172,0.32256888239571585
5,1,Multi-scale Linear,2020-06-03,-0.8609160420057792,-1.078884385517362,0.422774625565517,0.3399745947397581
5,1,Multi-scale Linear,2020-06-04,-0.950514335394824,-1.05027091110616,0.38654216000314795,0.34984295992875736
5,1,Multi-scale Linear,2020-06-05,-0.8869269792341081,-0.9774815151826436,0.411919647400809,0.3762575054106812
5,1,Multi-scale Linear,2020-06-08,-1.3334782819639557,-1.0209398803512464,0.263558932840489,0.36025618329445525
5,1,Multi-scale Linear,2020-06-09,-1.2433565123658874,-1.0042951526973418,0.2884145245373869,0.36630273132614277
5,1,Multi-scale Linear,2020-06-10,-1.1915719801605458,-1.0679013446967383,0.303743409962164,0.3437291299570279
5,1,Multi-scale Linear,2020-06-11,-1.1906432165398977,-1.0661149977096414,0.304025646836731,0.3443436982053477
5,1,Multi-scale Linear,2020-06-12,-1.362733727767638,-0.9896762364399159,0.25596009443472906,0.3716970134913397
5,1,Multi-scale Linear,2020-06-15,-1.359495336231951,-0.9707442192715755,0.256790337037754,0.3788010221547833
5,1,Multi-scale Linear,2020-06-16,-1.6343032910255944,-0.9876864025265306,0.19508824369210997,0.3724373651584349
5,1,Multi-scale Linear,2020-06-17,-1.6446016651225326,-0.9625084280859577,0.193089461744062,0.38193363032091754
5,1,Multi-scale Linear,2020-06-18,-0.9625129875672216,-0.9776384913653635,0.381931888905656,0.37619844657929835
5,1,Multi-scale Linear,2020-06-19,-0.9427758794460394,-1.0187207124018303,0.389545003180406,0.3610565400045207
5,1,Multi-scale Linear,2020-06-22,-1.004940348043323,-0.9837990651323851,0.366066470733984,0.3738879725284048
5,1,Multi-scale Linear,2020-06-23,-1.0047750424758408,-1.0086417074220195,0.366126988561494,0.3647140316449009
5,1,Multi-scale Linear,2020-06-24,-1.0478867276979833,-0.9861388350058593,0.350678044811473,0.37301418334566283
5,1,Multi-scale Linear,2020-06-29,-2.079197450136137,-1.0572102548453282,0.125030515167058,0.34742368317980993
5,1,Multi-scale Linear,2020-06-30,-1.708307824428645,-1.000716170891561,0.18117210839002304,0.36761607094437365
5,1,Multi-scale Linear,2020-07-01,-1.336640049942928,-0.9293060755280781,0.262726936628659,0.3948275958636479
5,1,Multi-scale Linear,2020-07-02,-1.3442723457348742,-0.9576192325807498,0.260729359681745,0.3838055508734455
5,1,Multi-scale Linear,2020-07-03,-1.3878112913658625,-1.0255224325867969,0.249621054927793,0.35860906739607185
5,1,Multi-scale Linear,2020-07-06,-0.8719208398613667,-0.9755341089623877,0.418147582804453,0.37699094553827833
5,1,Multi-scale Linear,2020-07-07,-0.9239907222590404,-0.9417220473625103,0.39693183143951,0.3899557345856904
5,1,Multi-scale Linear,2020-07-08,-1.056213294208467,-0.8911247722261886,0.34777022363114496,0.4101941182326366
5,1,Multi-scale Linear,2020-07-09,-1.0243775148654704,-0.89578682112078,0.359019880401031,0.40828622400088377
5,1,Multi-scale Linear,2020-07-10,-1.0250116110228218,-0.836603006721387,0.358792299436189,0.4331795348738312
5,1,Multi-scale Linear,2020-07-13,-1.9362766136503,-0.8385411213061224,0.14424001246764098,0.4323407963477137
5,1,Multi-scale Linear,2020-07-14,-1.4366736776743962,-0.8045215596872936,0.23771716896403997,0.44730188262526904
5,1,Multi-scale Linear,2020-07-15,-1.4379474283634588,-0.8131162332302755,0.23741456931543797,0.44347394248051314
5,1,Multi-scale Linear,2020-07-16,-1.5032261181447075,-0.8709744442313603,0.222411475793791,0.41854350316861716
5,1,Multi-scale Linear,2020-07-17,-1.3101080238309295,-0.9379380733707569,0.269790910962763,0.39143411225060765
5,1,Multi-scale Linear,2020-07-20,-1.2667863628970184,-0.9309919993867206,0.281735564391625,0.39416250740151804
5,1,Multi-scale Linear,2020-07-21,-1.616870646347693,-0.8956785825053313,0.198518964108509,0.4083304187282213
5,1,Multi-scale Linear,2020-07-22,-1.307601273849613,-0.9317262419798005,0.270468057687961,0.3938732027228947
5,1,Multi-scale Linear,2020-07-23,-1.3142961314444437,-0.9184356074008544,0.268663360394189,0.39914296923004583
5,1,Multi-scale Linear,2020-07-24,-1.4482553821076916,-0.9581031000850261,0.234979880802905,0.3836198847619384
5,1,Multi-scale Linear,2020-07-27,-1.2621964077359475,-0.9870716375790195,0.283031690303841,0.372666396988835
5,1,Multi-scale Linear,2020-07-28,-1.1687418959451843,-0.9892392341849823,0.31075766090421597,0.3718594814212278
5,1,Multi-scale Linear,2020-07-29,-1.3817993071921872,-0.965933458954704,0.251126292959278,0.38062773349233564
5,1,Multi-scale Linear,2020-07-30,-1.1870964535774282,-0.9978352355686366,0.305105868252838,0.36867667610229715
5,1,Multi-scale Linear,2020-07-31,-1.157174700422323,-0.952363414481557,0.314373125609352,0.38582807338372327
5,1,Multi-scale Linear,2020-08-03,-1.3707418111652845,-0.9157814521112226,0.253918530071215,0.40020376378715544
5,1,Multi-scale Linear,2020-08-04,-1.4461800902523667,-0.8637035572632822,0.23546803899586,0.42159777585156843
5,1,Multi-scale Linear,2020-08-05,-1.4470082386006315,-0.838053022627639,0.235273117251497,0.43255187282795043
5,1,Multi-scale Linear,2020-08-06,-1.7912733208598646,-0.787567000858018,0.16674771109291,0.4549503436336095
5,1,Multi-scale Linear,2020-08-07,-1.8051085162374163,-0.8470411888957114,0.164456609396348,0.4286814447576162
5,1,Multi-scale Linear,2020-08-10,-1.8378637484202531,-0.8346405308980732,0.15915706272980606,0.4340304739387438
5,1,Multi-scale Linear,2020-08-11,-1.3124102244372406,-0.8560308144026834,0.269170512578751,0.4248450289144225
5,1,Multi-scale Linear,2020-08-12,-1.296852039455222,-0.8810428764209415,0.27339106413184794,0.41435056984191865
5,1,Multi-scale Linear,2020-08-13,-1.2773013559283095,-0.8712221627853323,0.27878863750543303,0.41843983501803017
5,1,Multi-scale Linear,2020-08-14,-1.3342885917433056,-0.8699509447550304,0.26334545496306,0.41897210152261205
5,1,Multi-scale Linear,2020-08-17,-1.3037371092026455,-0.9130394083798508,0.271515212681276,0.401302645911817
5,1,Multi-scale Linear,2020-08-18,-1.564672754014836,-0.8641030659509876,0.209156447582972,0.4214293775179369
5,1,Multi-scale Linear,2020-08-19,-1.4226397527557204,-0.9515589364174516,0.24107679308152796,0.3861385884898255
5,1,Multi-scale Linear,2020-08-20,-1.3504951723037515,-1.0239886421239335,0.2591119238258441,0.3591595205955617
5,1,Multi-scale Linear,2020-08-21,-1.2138677846608252,-1.089292430597069,0.297046144173311,0.33645447439443865
5,1,Multi-scale Linear,2020-08-24,-1.1935529915725482,-1.0804673051801916,0.30314228641360097,0.3394368679702992
5,1,Multi-scale Linear,2020-08-25,-1.363068055052978,-1.163698675268029,0.255874534294543,0.3123288389339158
5,1,Multi-scale Linear,2020-08-26,-1.4677302790822784,-1.1416307147895302,0.23044794456416504,0.3192979132126874
5,1,Multi-scale Linear,2020-08-27,-1.6209833940657024,-1.1610824006340028,0.19770418233630896,0.3131470468142427
5,1,Multi-scale Linear,2020-08-28,-1.9844287480705556,-1.071905678278422,0.13745911547772896,0.3423554759788242
5,1,Multi-scale Linear,2020-08-31,-2.3247973879248622,-1.0715663283833639,0.09780325816508499,0.34247167398844625
5,1,Multi-scale Linear,2020-09-01,-2.168742371615348,-1.0630729748602132,0.11432130025394298,0.34539279448174753
5,1,Multi-scale Linear,2020-09-02,-1.66005352670154,-1.1695996786434424,0.190128802861461,0.31049121265302865
5,1,Multi-scale Linear,2020-09-03,-1.6621919111958925,-1.1503938427386058,0.189722668767677,0.31651208884053167
5,1,Multi-scale Linear,2020-09-04,-1.51220031781356,-1.1683844660414286,0.22042444016430102,0.31086875483800863
5,1,Multi-scale Linear,2020-09-07,-1.4252498267705798,-1.1510924790493027,0.240448385260534,0.31629103922812707
5,1,Multi-scale Linear,2020-09-08,-1.2294762360341494,-1.1419488337982233,0.292445710099655,0.3191963546317724
5,1,Multi-scale Linear,2020-09-09,-1.0145191310361013,-1.1808216362079729,0.362576739820211,0.3070263709549517
5,1,Multi-scale Linear,2020-09-10,-1.003537362383144,-1.2793520301118593,0.36658041718854606,0.27821751863333916
5,1,Multi-scale Linear,2020-09-11,-1.015036267560565,-1.2310062467232292,0.362389286618755,0.29199860716058473
5,1,Multi-scale Linear,2020-09-14,-0.8549102986112989,-1.200474687782028,0.425321341286143,0.30105127262823966
5,1,Multi-scale Linear,2020-09-15,-0.9476464341133534,-1.2076988785810854,0.387652315907027,0.29888425768369437
5,2,Persistence,2020-09-16,-1.2637261734394547,-1.0145191310361013,0.282599049135191,0.362576739820211
5,2,Persistence,2020-09-17,-1.2852351171417282,-1.003537362383144,0.276585545983525,0.36658041718854606
5,2,Persistence,2020-09-18,-1.377490726059804,-1.015036267560565,0.252210625256356,0.362389286618755
5,2,Persistence,2020-09-21,-2.4638807779106746,-0.8549102986112989,0.08510403940924612,0.425321341286143
5,2,Persistence,2020-09-22,-2.0847996706948426,-0.9476464341133534,0.12433202501929101,0.387652315907027
5,2,Persistence,2020-09-23,-1.280543949983589,-1.2637261734394547,0.27788610319377693,0.282599049135191
5,2,Persistence,2020-09-24,-1.1022822522267568,-1.2852351171417282,0.332112254175645,0.276585545983525
5,2,Persistence,2020-09-25,-1.0964107087447414,-1.377490726059804,0.33406800172664,0.252210625256356
5,2,Persistence,2020-09-28,-1.0608328875689197,-2.4638807779106724,0.34616737172759093,0.08510403940924631
5,2,Persistence,2020-09-29,-1.0321433995533411,-2.0847996706948426,0.356242571497565,0.12433202501929101
5,2,Persistence,2020-09-30,-1.3170723095582966,-1.2805439499835887,0.26791853741207206,0.277886103193777
5,2,Persistence,2020-10-09,-1.6220076636254466,-1.1022822522267568,0.197501783633618,0.332112254175645
5,2,Persistence,2020-10-12,-1.62427457710541,-1.0964107087447414,0.19705457126537,0.33406800172664
5,2,Persistence,2020-10-13,-1.7019298122078006,-1.0608328875689195,0.182331319111857,0.346167371727591
5,2,Persistence,2020-10-14,-1.9071857929660936,-1.0321433995533411,0.14849770239210805,0.356242571497565
5,2,Persistence,2020-10-15,-2.1588770174368013,-1.3170723095582966,0.11545470188298398,0.26791853741207206
5,2,Persistence,2020-10-16,-1.4701675313424825,-1.6220076636254466,0.22988696868797004,0.197501783633618
5,2,Persistence,2020-10-19,-1.39372399677824,-1.62427457710541,0.24814947396485404,0.19705457126537
5,2,Persistence,2020-10-20,-1.3968244676858057,-1.7019298122078006,0.2473812852288899,0.182331319111857
5,2,Persistence,2020-10-21,-1.2526397499927724,-1.9071857929660938,0.285749493169802,0.148497702392108
5,2,Persistence,2020-10-22,-1.2434650413343584,-2.1588770174368013,0.288383224905036,0.11545470188298398
5,2,Persistence,2020-10-23,-1.4032212565253912,-1.4701675313424825,0.245803889895618,0.22988696868797004
5,2,Persistence,2020-10-26,-1.4652364102951765,-1.39372399677824,0.23102336871810197,0.24814947396485404
5,2,Persistence,2020-10-27,-1.372970407212421,-1.3968244676858055,0.25335327833165,0.24738128522888997
5,2,Persistence,2020-10-28,-1.6269470731478684,-1.2526397499927724,0.196528646782088,0.285749493169802
5,2,Persistence,2020-10-29,-1.6465613688625178,-1.2434650413343584,0.192711434135772,0.288383224905036
5,2,Persistence,2020-10-30,-1.8757284370343907,-1.4032212565253912,0.15324329808443904,0.245803889895618
5,2,Persistence,2020-11-02,-1.254477685273798,-1.4652364102951765,0.285224786430989,0.23102336871810197
5,2,Persistence,2020-11-03,-1.32633427218069,-1.372970407212421,0.265448542092019,0.25335327833165
5,2,Persistence,2020-11-04,-1.251578799338992,-1.6269470731478684,0.28605282016043,0.196528646782088
5,2,Persistence,2020-11-05,-1.254967195985772,-1.6465613688625178,0.285085200010022,0.192711434135772
5,2,Persistence,2020-11-06,-1.2724487472554005,-1.8757284370343907,0.280144777412662,0.15324329808443904
5,2,Persistence,2020-11-09,-1.8978677100219596,-1.254477685273798,0.14988788315110493,0.285224786430989
5,2,Persistence,2020-11-10,-1.7300856427200826,-1.32633427218069,0.177269227500923,0.265448542092019
5,2,Persistence,2020-11-11,-1.939800565804621,-1.251578799338992,0.14373261211732996,0.28605282016043
5,2,Persistence,2020-11-12,-1.5715921298607671,-1.254967195985772,0.20771421095444198,0.285085200010022
5,2,Persistence,2020-11-13,-1.494551335956292,-1.2724487472554005,0.224349239590263,0.280144777412662
5,2,Persistence,2020-11-16,-1.320320909796263,-1.8978677100219594,0.267049589384261,0.14988788315110496
5,2,Persistence,2020-11-17,-1.3873395869046732,-1.7300856427200826,0.249738830068355,0.177269227500923
5,2,Persistence,2020-11-18,-1.3839221554868573,-1.9398005658046207,0.250593755384753,0.14373261211733
5,2,Persistence,2020-11-19,-1.420964676653499,-1.5715921298607671,0.241480953461614,0.20771421095444198
5,2,Persistence,2020-11-20,-1.4779595712327007,-1.4945513359562876,0.22810264106180902,0.224349239590264
5,2,Persistence,2020-11-23,-1.7308033582380196,-1.320320909796263,0.17714204427164104,0.267049589384261
5,2,Persistence,2020-11-24,-1.803459067581256,-1.3873395869046732,0.16472809596974297,0.249738830068355
5,2,Persistence,2020-11-25,-1.368926030638786,-1.3839221554868573,0.254380009239085,0.250593755384753
5,2,Persistence,2020-11-26,-1.5311963528783152,-1.4209646766534947,0.21627676914482102,0.24148095346161502
5,2,Persistence,2020-11-27,-1.090183768538923,-1.4779595712327007,0.336154713369738,0.22810264106180902
5,2,Persistence,2020-11-30,-1.046955171024516,-1.7308033582380196,0.351004873490439,0.17714204427164104
5,2,Persistence,2020-12-01,-1.0486285445058412,-1.8034590675812558,0.3504180024075231,0.164728095969743
5,2,Persistence,2020-12-02,-1.2225648230612376,-1.368926030638786,0.294473924012711,0.254380009239085
5,2,Persistence,2020-12-03,-0.7095851935324106,-1.5311963528783152,0.491848176956907,0.21627676914482102
5,2,Persistence,2020-12-04,-0.8249072625539252,-1.090183768538923,0.438275635143451,0.336154713369738
5,2,Persistence,2020-12-07,-0.7912370387366051,-1.046955171024516,0.453283718798407,0.351004873490439
5,2,Persistence,2020-12-08,-0.7002403174920833,-1.0486285445058412,0.496465979994969,0.3504180024075231
5,2,Persistence,2020-12-09,-0.6856133668669538,-1.2225648230612376,0.503781132134804,0.294473924012711
5,2,Persistence,2020-12-10,-1.0825099453947524,-0.7095851935324106,0.338744228221211,0.491848176956907
5,2,Persistence,2020-12-11,-0.8102198624654279,-0.8249072625539252,0.444760269383057,0.438275635143451
5,2,Persistence,2020-12-14,-0.4898634992141355,-0.7912370387366051,0.612710023876293,0.453283718798407
5,2,Persistence,2020-12-15,-0.2014074286063752,-0.7002403174920833,0.817579258508458,0.496465979994969
5,2,Persistence,2020-12-16,-0.1818903237821575,-0.6856133668669538,0.833692771671766,0.503781132134804
5,2,Persistence,2020-12-17,-0.1912086627803433,-1.0825099453947524,0.825960223012138,0.338744228221211
5,2,Persistence,2020-12-18,-0.2424282533416715,-0.8102198624654279,0.784720046600132,0.444760269383057
5,2,Persistence,2020-12-21,-0.3713899225097951,-0.4898634992141355,0.6897749303434,0.612710023876293
5,2,Persistence,2020-12-22,-0.9400932577076492,-0.20140742860637526,0.39059140800064396,0.817579258508458
5,2,Persistence,2020-12-23,-0.9429650173161236,-0.18189032378215755,0.38947133243538606,0.833692771671766
5,2,Persistence,2020-12-24,-0.9313395047131002,-0.1912086627803433,0.394025557627503,0.825960223012138
5,2,Persistence,2020-12-25,-0.955022521347408,-0.2424282533416715,0.38480347816257404,0.784720046600132
5,2,Persistence,2020-12-28,-1.1540881428504008,-0.37138992250979513,0.315344955393361,0.6897749303434
5,2,Persistence,2020-12-29,-1.204421190370162,-0.9400932577076465,0.29986551433973196,0.390591408000645
5,2,Persistence,2020-12-30,-1.2020773172161294,-0.9429650173161237,0.300569185404323,0.389471332435386
5,2,Persistence,2020-12-31,-1.2352777249666875,-0.9313395047131002,0.290754001508334,0.394025557627503
5,2,Persistence,2021-01-04,-1.275573005842808,-0.9550225213474081,0.27927089850877496,0.384803478162574
5,2,Persistence,2021-01-05,-1.4040976872926303,-1.1540881428504008,0.24558855418101305,0.315344955393361
5,2,Persistence,2021-01-06,-1.3393050822586428,-1.204421190370162,0.262027693019601,0.29986551433973196
5,2,Persistence,2021-01-07,-1.4777830856305352,-1.202077317216126,0.22814290144635696,0.300569185404324
5,2,Persistence,2021-01-08,-1.49161081682258,-1.2352777249666875,0.225009913708303,0.290754001508334
5,2,Persistence,2021-01-11,-1.475430911900974,-1.2755730058428079,0.22868016480639491,0.279270898508775
5,2,Persistence,2021-01-12,-1.1991800425752397,-1.4040976872926305,0.301441279621213,0.245588554181013
5,2,Persistence,2021-01-13,-1.210732080232839,-1.3393050822586428,0.297979054984778,0.262027693019601
5,2,Persistence,2021-01-14,-1.3327489983873582,-1.4777830856305352,0.26375121214622294,0.22814290144635696
5,2,Persistence,2021-01-15,-1.2696180258808651,-1.49161081682258,0.280938912679603,0.225009913708303
5,2,Persistence,2021-01-18,-1.4375611516646711,-1.4754309119009739,0.237506294746075,0.22868016480639497
5,2,Persistence,2021-01-19,-1.607528154383581,-1.1991800425752397,0.20038231655997002,0.301441279621213
5,2,Persistence,2021-01-20,-1.5470379884628978,-1.210732080232839,0.212877586774025,0.297979054984778
5,2,Persistence,2021-01-21,-0.8070051684977168,-1.3327489983873582,0.446192338136231,0.26375121214622294
5,2,Persistence,2021-01-22,-0.8288147602552983,-1.2696180258808651,0.436566415666921,0.280938912679603
5,2,Persistence,2021-01-25,-0.807938628902822,-1.4375611516646711,0.445776029589521,0.237506294746075
5,2,Persistence,2021-01-26,-0.6313323118411583,-1.607528154383581,0.531882695123886,0.20038231655997002
5,2,Persistence,2021-01-27,-0.632888562594591,-1.5470379884628978,0.531055596032584,0.212877586774025
5,2,Persistence,2021-01-28,-0.7408574780699102,-0.8070051684977168,0.476704976154952,0.446192338136231
5,2,Persistence,2021-01-29,-0.7231735546031415,-0.8288147602552983,0.4852099696568,0.436566415666921
5,2,Persistence,2021-02-01,-0.6847304620837072,-0.807938628902822,0.504226119317825,0.445776029589521
5,2,Persistence,2021-02-02,-0.8029878791158205,-0.6313323118411583,0.447988427167675,0.531882695123886
5,2,Persistence,2021-02-03,-0.8232663434027861,-0.632888562594591,0.438995400403431,0.531055596032584
5,2,Persistence,2021-02-04,-0.7070270606730694,-0.7408574780699102,0.493108000651354,0.476704976154952
5,2,Persistence,2021-02-05,-0.7087637920280108,-0.7231735546031415,0.492252347759924,0.4852099696568
5,2,Persistence,2021-02-08,-0.725080846930976,-0.6847304620837072,0.484285414383151,0.504226119317825
5,2,Persistence,2021-02-09,-0.7523155901732175,-0.8029878791158205,0.471274010821178,0.447988427167675
5,2,Persistence,2021-02-10,-0.7166773373283395,-0.8232663434027861,0.488372259383233,0.438995400403431
5,2,Persistence,2021-02-18,-1.2096721228336509,-0.7070270606730694,0.2982950675392479,0.493108000651354
5,2,Persistence,2021-02-19,-1.1712766568172888,-0.7087637920280108,0.309970962012646,0.492252347759924
5,2,Persistence,2021-02-22,-1.203184610414424,-0.725080846930976,0.300236551385388,0.484285414383151
5,2,Persistence,2021-02-23,-1.3450833526113204,-0.7523155901732175,0.260517992100018,0.471274010821178
5,2,Persistence,2021-02-24,-1.5234919587489084,-0.7166773373283395,0.217949485976173,0.488372259383233
5,2,Persistence,2021-02-25,-1.3758552572148788,-1.2096721228336507,0.252623445361516,0.298295067539248
5,2,Persistence,2021-02-26,-1.0109869761745978,-1.1712766568172854,0.363859681454857,0.309970962012647
5,2,Persistence,2021-03-01,-1.0233197450681788,-1.203184610414424,0.359399841707516,0.300236551385388
5,2,Persistence,2021-03-02,-0.2184523944781687,-1.3450833526113204,0.8037617420310511,0.260517992100018
5,2,Persistence,2021-03-03,-0.215546289367156,-1.5234919587489084,0.806100955491392,0.217949485976173
5,2,Persistence,2021-03-04,-0.1386700650723068,-1.3758552572148788,0.870515194450338,0.252623445361516
5,2,Persistence,2021-03-05,-0.1604237998205954,-1.0109869761745978,0.851782727095708,0.363859681454857
5,2,Persistence,2021-03-08,-0.1491952548276669,-1.0233197450681788,0.86140090579226,0.359399841707516
5,2,Persistence,2021-03-09,-0.6692573478303293,-0.21845239447816878,0.512088740418904,0.803761742031051
5,2,Persistence,2021-03-10,-0.6762216451238646,-0.215546289367156,0.508534791931161,0.806100955491392
5,2,Persistence,2021-03-11,-0.9376332907903732,-0.1386700650723068,0.39155343273186805,0.870515194450338
5,2,Persistence,2021-03-12,-0.8056857609702781,-0.1604237998205954,0.44678143621061,0.851782727095708
5,2,Persistence,2021-03-15,-0.7118221647043215,-0.1491952548276669,0.490749156460976,0.86140090579226
5,2,Persistence,2021-03-16,-0.7048587531941857,-0.6692573478303293,0.494178370443109,0.512088740418904
5,2,Persistence,2021-03-17,-0.6883159193437548,-0.6762216451238646,0.502421475287931,0.508534791931161
5,2,Persistence,2021-03-18,-0.707873292962834,-0.9376332907903733,0.492690893248629,0.391553432731868
5,2,Persistence,2021-03-19,-0.9046344109230804,-0.8056857609702781,0.40468980823526207,0.44678143621061
5,2,Persistence,2021-03-22,-0.9650318882848412,-0.7118221647043195,0.380971051032246,0.490749156460977
5,2,Persistence,2021-03-23,-1.1011916861459874,-0.7048587531941857,0.33247464210313105,0.494178370443109
5,2,Persistence,2021-03-24,-0.8723629572610372,-0.6883159193437548,0.417962753343636,0.502421475287931
5,2,Persistence,2021-03-25,-0.6452375696063702,-0.707873292962834,0.524537913037613,0.492690893248629
5,2,Persistence,2021-03-26,-0.6800035282404772,-0.9046344109230805,0.506615204902164,0.404689808235262
5,2,Persistence,2021-03-29,-0.7779933716261271,-0.9650318882848412,0.459326785330943,0.380971051032246
5,2,Persistence,2021-03-30,-0.7734514146185163,-1.1011916861459874,0.461417772835389,0.33247464210313105
5,2,Persistence,2021-03-31,-0.9599931810281266,-0.8723629572610372,0.382895496919834,0.417962753343636
5,2,Persistence,2021-04-01,-1.643351272455243,-0.6452375696063702,0.193331050400023,0.524537913037613
5,2,Persistence,2021-04-02,-1.1567337496294705,-0.6800035282404772,0.314511779255812,0.506615204902164
5,2,Persistence,2021-04-06,-1.1561330682518025,-0.777993371626125,0.314700757376805,0.459326785330944
5,2,Persistence,2021-04-07,-1.272423174137114,-0.7734514146185141,0.28015194167979807,0.46141777283539
5,2,Persistence,2021-04-08,-0.992835768861152,-0.9599931810281266,0.37052447803365096,0.382895496919834
5,2,Persistence,2021-04-09,-0.9941290956374196,-1.643351272455243,0.37004557855845904,0.193331050400023
5,2,Persistence,2021-04-12,-1.2405224655013314,-1.1567337496294705,0.289233064158304,0.314511779255812
5,2,Persistence,2021-04-13,-0.950914539177984,-1.1561330682518025,0.386387495319124,0.314700757376805
5,2,Persistence,2021-04-14,-0.9710260206160132,-1.2724231741371141,0.37869429055672593,0.280151941679798
5,2,Persistence,2021-04-15,-1.2520012278969008,-0.9928357688611519,0.285932008799005,0.370524478033651
5,2,Multi-scale Linear,2020-09-16,-1.2637261734394547,-1.3325716775801488,0.282599049135191,0.2637979848708293
5,2,Multi-scale Linear,2020-09-17,-1.2852351171417282,-1.3618384286821987,0.276585545983525,0.25618935788755115
5,2,Multi-scale Linear,2020-09-18,-1.377490726059804,-1.3614606499583652,0.252210625256356,0.256286159059794
5,2,Multi-scale Linear,2020-09-21,-2.4638807779106746,-1.3358824750779492,0.08510403940924612,0.2629260473633229
5,2,Multi-scale Linear,2020-09-22,-2.0847996706948426,-1.3281780330428452,0.12433202501929101,0.2649595693720954
5,2,Multi-scale Linear,2020-09-23,-1.280543949983589,-1.3071849818099583,0.27788610319377693,0.2705806748265402
5,2,Multi-scale Linear,2020-09-24,-1.1022822522267568,-1.3272395092798628,0.332112254175645,0.2652083569524472
5,2,Multi-scale Linear,2020-09-25,-1.0964107087447414,-1.3341020782306412,0.33406800172664,0.26339457702973157
5,2,Multi-scale Linear,2020-09-28,-1.0608328875689197,-1.311504545660518,0.34616737172759093,0.26941440502674896
5,2,Multi-scale Linear,2020-09-29,-1.0321433995533411,-1.2924070768716749,0.356242571497565,0.27460898197694594
5,2,Multi-scale Linear,2020-09-30,-1.3170723095582966,-1.2751183799020398,0.26791853741207206,0.2793978911686302
5,2,Multi-scale Linear,2020-10-09,-1.6220076636254466,-1.2537470817416292,0.197501783633618,0.28543324880981996
5,2,Multi-scale Linear,2020-10-12,-1.62427457710541,-1.2514438871924138,0.19705457126537,0.2860914147638144
5,2,Multi-scale Linear,2020-10-13,-1.7019298122078006,-1.2549127843002401,0.182331319111857,0.28510071239829854
5,2,Multi-scale Linear,2020-10-14,-1.9071857929660936,-1.2604074697266219,0.14849770239210805,0.2835384696157021
5,2,Multi-scale Linear,2020-10-15,-2.1588770174368013,-1.2461024273471204,0.11545470188298398,0.28762364910893473
5,2,Multi-scale Linear,2020-10-16,-1.4701675313424825,-1.247522895367209,0.22988696868797004,0.287215378949555
5,2,Multi-scale Linear,2020-10-19,-1.39372399677824,-1.2797215586103936,0.24814947396485404,0.2781147283245565
5,2,Multi-scale Linear,2020-10-20,-1.3968244676858057,-1.270739981689465,0.2473812852288899,0.2806238883893722
5,2,Multi-scale Linear,2020-10-21,-1.2526397499927724,-1.2719851336313448,0.285749493169802,0.28027468645965375
5,2,Multi-scale Linear,2020-10-22,-1.2434650413343584,-1.2692675305695007,0.288383224905036,0.28103739770953945
5,2,Multi-scale Linear,2020-10-23,-1.4032212565253912,-1.3084721400827355,0.245803889895618,0.2702326187221849
5,2,Multi-scale Linear,2020-10-26,-1.4652364102951765,-1.3825076528988882,0.23102336871810197,0.2509484717147134
5,2,Multi-scale Linear,2020-10-27,-1.372970407212421,-1.3840836443921565,0.25335327833165,0.2505532905409207
5,2,Multi-scale Linear,2020-10-28,-1.6269470731478684,-1.3703501697422227,0.196528646782088,0.2540179945616098
5,2,Multi-scale Linear,2020-10-29,-1.6465613688625178,-1.4505694375558105,0.192711434135772,0.23443675298584085
5,2,Multi-scale Linear,2020-10-30,-1.8757284370343907,-1.4209115823405865,0.15324329808443904,0.24149377506729364
5,2,Multi-scale Linear,2020-11-02,-1.254477685273798,-1.4195061493102665,0.285224786430989,0.24183341701148703
5,2,Multi-scale Linear,2020-11-03,-1.32633427218069,-1.402766101273948,0.265448542092019,0.24591579429193405
5,2,Multi-scale Linear,2020-11-04,-1.251578799338992,-1.3848334932563713,0.28605282016043,0.25036548386269536
5,2,Multi-scale Linear,2020-11-05,-1.254967195985772,-1.3850825575287364,0.285085200010022,0.25030313453044956
5,2,Multi-scale Linear,2020-11-06,-1.2724487472554005,-1.3846154071710952,0.280144777412662,0.2504200910452761
5,2,Multi-scale Linear,2020-11-09,-1.8978677100219596,-1.4077567518033582,0.14988788315110493,0.2446915718770153
5,2,Multi-scale Linear,2020-11-10,-1.7300856427200826,-1.4224968974008796,0.177269227500923,0.24111123465237036
5,2,Multi-scale Linear,2020-11-11,-1.939800565804621,-1.4273107028539376,0.14373261211732996,0.23995336120089708
5,2,Multi-scale Linear,2020-11-12,-1.5715921298607671,-1.4507670342465167,0.20771421095444198,0.2343904336356968
5,2,Multi-scale Linear,2020-11-13,-1.494551335956292,-1.4748486916734818,0.224349239590263,0.2288133457905408
5,2,Multi-scale Linear,2020-11-16,-1.320320909796263,-1.4640863148299426,0.267049589384261,0.2312892204949853
5,2,Multi-scale Linear,2020-11-17,-1.3873395869046732,-1.4500940267797293,0.249738830068355,0.23454823324187762
5,2,Multi-scale Linear,2020-11-18,-1.3839221554868573,-1.4500569854684793,0.250593755384753,0.23455692137689724
5,2,Multi-scale Linear,2020-11-19,-1.420964676653499,-1.447454831951417,0.241480953461614,0.23516806930031808
5,2,Multi-scale Linear,2020-11-20,-1.4779595712327007,-1.4422072844197324,0.22810264106180902,0.2364053684757573
5,2,Multi-scale Linear,2020-11-23,-1.7308033582380196,-1.4326924055752313,0.17714204427164104,0.23866547217028544
5,2,Multi-scale Linear,2020-11-24,-1.803459067581256,-1.484187954887123,0.16472809596974297,0.22668634549526587
5,2,Multi-scale Linear,2020-11-25,-1.368926030638786,-1.4987718079864156,0.254380009239085,0.22340437518900524
5,2,Multi-scale Linear,2020-11-26,-1.5311963528783152,-1.4892762629186784,0.21627676914482102,0.22553582512618647
5,2,Multi-scale Linear,2020-11-27,-1.090183768538923,-1.4988920951173224,0.336154713369738,0.22337750413383523
5,2,Multi-scale Linear,2020-11-30,-1.046955171024516,-1.4771994624536158,0.351004873490439,0.22827608979341332
5,2,Multi-scale Linear,2020-12-01,-1.0486285445058412,-1.4816466474214505,0.3504180024075231,0.22726315781573433
5,2,Multi-scale Linear,2020-12-02,-1.2225648230612376,-1.4573847907039554,0.294473924012711,0.23284441605612982
5,2,Multi-scale Linear,2020-12-03,-0.7095851935324106,-1.4608523754673401,0.491848176956907,0.23203840656751634
5,2,Multi-scale Linear,2020-12-04,-0.8249072625539252,-1.4327746694527,0.438275635143451,0.23864583943067053
5,2,Multi-scale Linear,2020-12-07,-0.7912370387366051,-1.4155761511505849,0.453283718798407,0.24278569188890187
5,2,Multi-scale Linear,2020-12-08,-0.7002403174920833,-1.4227651074495826,0.496465979994969,0.241046574867971
5,2,Multi-scale Linear,2020-12-09,-0.6856133668669538,-1.457882026243252,0.503781132134804,0.2327286663171668
5,2,Multi-scale Linear,2020-12-10,-1.0825099453947524,-1.3731114369282496,0.338744228221211,0.2533175505102041
5,2,Multi-scale Linear,2020-12-11,-0.8102198624654279,-1.3547994091215605,0.444760269383057,0.25799904151603187
5,2,Multi-scale Linear,2020-12-14,-0.4898634992141355,-1.3471467733977298,0.612710023876293,0.2599809880830445
5,2,Multi-scale Linear,2020-12-15,-0.2014074286063752,-1.3232712392193986,0.817579258508458,0.26626286624014983
5,2,Multi-scale Linear,2020-12-16,-0.1818903237821575,-1.3169745946681664,0.833692771671766,0.26794471832163064
5,2,Multi-scale Linear,2020-12-17,-0.1912086627803433,-1.2649403203947664,0.825960223012138,0.2822561405729279
5,2,Multi-scale Linear,2020-12-18,-0.2424282533416715,-1.2060763107531418,0.784720046600132,0.2993696113176029
5,2,Multi-scale Linear,2020-12-21,-0.3713899225097951,-1.1189123414622977,0.6897749303434,0.32663486869200786
5,2,Multi-scale Linear,2020-12-22,-0.9400932577076492,-1.0404964058552504,0.39059140800064396,0.3532792685268196
5,2,Multi-scale Linear,2020-12-23,-0.9429650173161236,-1.0674610234317277,0.38947133243538606,0.34388051452882873
5,2,Multi-scale Linear,2020-12-24,-0.9313395047131002,-1.045554686351562,0.394025557627503,0.35149679481963264
5,2,Multi-scale Linear,2020-12-25,-0.955022521347408,-0.9913560569151073,0.38480347816257404,0.37107315337071217
5,2,Multi-scale Linear,2020-12-28,-1.1540881428504008,-0.9478728580085729,0.315344955393361,0.38756455209595536
5,2,Multi-scale Linear,2020-12-29,-1.204421190370162,-0.8674903829699847,0.29986551433973196,0.42000427761037323
5,2,Multi-scale Linear,2020-12-30,-1.2020773172161294,-0.8285771136709167,0.300569185404323,0.436670176513177
5,2,Multi-scale Linear,2020-12-31,-1.2352777249666875,-0.8242669491816568,0.290754001508334,0.43855635875932397
5,2,Multi-scale Linear,2021-01-04,-1.275573005842808,-0.8084208262299435,0.27927089850877496,0.4455611293958715
5,2,Multi-scale Linear,2021-01-05,-1.4040976872926303,-0.7734456261748448,0.24558855418101305,0.4614204437339062
5,2,Multi-scale Linear,2021-01-06,-1.3393050822586428,-0.7809098819492225,0.262027693019601,0.4579891056463511
5,2,Multi-scale Linear,2021-01-07,-1.4777830856305352,-0.758766101107767,0.22814290144635696,0.4682438362551863
5,2,Multi-scale Linear,2021-01-08,-1.49161081682258,-0.764399322810164,0.225009913708303,0.46561353041840364
5,2,Multi-scale Linear,2021-01-11,-1.475430911900974,-0.776614554285526,0.22868016480639491,0.45996054988993573
5,2,Multi-scale Linear,2021-01-12,-1.1991800425752397,-0.8333556844738391,0.301441279621213,0.4345884948500124
5,2,Multi-scale Linear,2021-01-13,-1.210732080232839,-0.8335078764196824,0.297979054984778,0.4345223590141385
5,2,Multi-scale Linear,2021-01-14,-1.3327489983873582,-0.8305298878020106,0.26375121214622294,0.4358182903300224
5,2,Multi-scale Linear,2021-01-15,-1.2696180258808651,-0.827557551674918,0.280938912679603,0.43711561586786823
5,2,Multi-scale Linear,2021-01-18,-1.4375611516646711,-0.7991566104415645,0.237506294746075,0.44970808332397844
5,2,Multi-scale Linear,2021-01-19,-1.607528154383581,-0.8084996892678509,0.20038231655997002,0.4455259924771542
5,2,Multi-scale Linear,2021-01-20,-1.5470379884628978,-0.8293475366123801,0.212877586774025,0.43633388535118534
5,2,Multi-scale Linear,2021-01-21,-0.8070051684977168,-0.9215253420254745,0.446192338136231,0.3979116266183732
5,2,Multi-scale Linear,2021-01-22,-0.8288147602552983,-1.1961046825797075,0.436566415666921,0.3023697470275469
5,2,Multi-scale Linear,2021-01-25,-0.807938628902822,-1.2264520843103477,0.445776029589521,0.2933314489272293
5,2,Multi-scale Linear,2021-01-26,-0.6313323118411583,-1.1824311152967246,0.531882695123886,0.306532615882023
5,2,Multi-scale Linear,2021-01-27,-0.632888562594591,-1.1808226921219604,0.531055596032584,0.3070260467616832
5,2,Multi-scale Linear,2021-01-28,-0.7408574780699102,-1.2180667819745143,0.476704976154952,0.29580146324662626
5,2,Multi-scale Linear,2021-01-29,-0.7231735546031415,-1.2377745830155307,0.4852099696568,0.2900289356094372
5,2,Multi-scale Linear,2021-02-01,-0.6847304620837072,-1.2727820717258136,0.504226119317825,0.280051413864134
5,2,Multi-scale Linear,2021-02-02,-0.8029878791158205,-1.2401405041623483,0.447988427167675,0.28934356110820614
5,2,Multi-scale Linear,2021-02-03,-0.8232663434027861,-1.2448716280294498,0.438995400403431,0.2879778740451919
5,2,Multi-scale Linear,2021-02-04,-0.7070270606730694,-1.1422277550496844,0.493108000651354,0.31910733640019207
5,2,Multi-scale Linear,2021-02-05,-0.7087637920280108,-1.1377670733683538,0.492252347759924,0.32053395212383506
5,2,Multi-scale Linear,2021-02-08,-0.725080846930976,-1.1280029744332754,0.484285414383151,0.32367900666949695
5,2,Multi-scale Linear,2021-02-09,-0.7523155901732175,-1.0676018072262703,0.471274010821178,0.3438321051328333
5,2,Multi-scale Linear,2021-02-10,-0.7166773373283395,-1.1017672048389966,0.488372259383233,0.33228335178250673
5,2,Multi-scale Linear,2021-02-18,-1.2096721228336509,-1.0241018846059005,0.2982950675392479,0.3591188507828461
5,2,Multi-scale Linear,2021-02-19,-1.1712766568172888,-1.04600973078661,0.309970962012646,0.3513368845451123
5,2,Multi-scale Linear,2021-02-22,-1.203184610414424,-1.0317966075013891,0.300236551385388,0.35636613501411163
5,2,Multi-scale Linear,2021-02-23,-1.3450833526113204,-1.0187372603851435,0.260517992100018,0.3610505652963564
5,2,Multi-scale Linear,2021-02-24,-1.5234919587489084,-1.017230023385602,0.217949485976173,0.36159516438392375
5,2,Multi-scale Linear,2021-02-25,-1.3758552572148788,-1.0199559204630884,0.252623445361516,0.36061083538137795
5,2,Multi-scale Linear,2021-02-26,-1.0109869761745978,-1.00908411832416,0.363859681454857,0.36455271386814037
5,2,Multi-scale Linear,2021-03-01,-1.0233197450681788,-1.0174222237032555,0.359399841707516,0.36152567235687594
5,2,Multi-scale Linear,2021-03-02,-0.2184523944781687,-1.0073565221862582,0.8037617420310511,0.3651830580620015
5,2,Multi-scale Linear,2021-03-03,-0.215546289367156,-0.9837558251929162,0.806100955491392,0.3739041397712379
5,2,Multi-scale Linear,2021-03-04,-0.1386700650723068,-1.0079943927826496,0.870515194450338,0.3649501928038097
5,2,Multi-scale Linear,2021-03-05,-0.1604237998205954,-1.008737215887922,0.851782727095708,0.36467920003062887
5,2,Multi-scale Linear,2021-03-08,-0.1491952548276669,-1.1233449886394045,0.86140090579226,0.3251902157471756
5,2,Multi-scale Linear,2021-03-09,-0.6692573478303293,-1.00774495770108,0.512088740418904,0.3650412355390746
5,2,Multi-scale Linear,2021-03-10,-0.6762216451238646,-1.0194536458222743,0.508534791931161,0.3607920065542269
5,2,Multi-scale Linear,2021-03-11,-0.9376332907903732,-1.046318687821151,0.39155343273186805,0.35122835330974606
5,2,Multi-scale Linear,2021-03-12,-0.8056857609702781,-1.0324886157493651,0.44678143621061,0.35611961201719394
5,2,Multi-scale Linear,2021-03-15,-0.7118221647043215,-1.0577571793119314,0.490749156460976,0.34723372061952273
5,2,Multi-scale Linear,2021-03-16,-0.7048587531941857,-0.9405687335365394,0.494178370443109,0.390405735372089
5,2,Multi-scale Linear,2021-03-17,-0.6883159193437548,-0.9515867676948839,0.502421475287931,0.3861278419091882
5,2,Multi-scale Linear,2021-03-18,-0.707873292962834,-0.9266410407470717,0.492690893248629,0.39588122849932506
5,2,Multi-scale Linear,2021-03-19,-0.9046344109230804,-0.9067671935433633,0.40468980823526207,0.4038276126104011
5,2,Multi-scale Linear,2021-03-22,-0.9650318882848412,-0.9604714917698876,0.380971051032246,0.3827123976833419
5,2,Multi-scale Linear,2021-03-23,-1.1011916861459874,-0.9505671032352143,0.33247464210313105,0.386521763546288
5,2,Multi-scale Linear,2021-03-24,-0.8723629572610372,-0.9354859348231571,0.417962753343636,0.39239514073204124
5,2,Multi-scale Linear,2021-03-25,-0.6452375696063702,-0.9700541224824234,0.524537913037613,0.3790625217435352
5,2,Multi-scale Linear,2021-03-26,-0.6800035282404772,-0.9380459455753767,0.506615204902164,0.3913918896673183
5,2,Multi-scale Linear,2021-03-29,-0.7779933716261271,-0.9078662227750957,0.459326785330943,0.40338403805491124
5,2,Multi-scale Linear,2021-03-30,-0.7734514146185163,-0.9090104573047384,0.461417772835389,0.40292273607901763
5,2,Multi-scale Linear,2021-03-31,-0.9599931810281266,-0.9366372643073709,0.382895496919834,0.39194362460884274
5,2,Multi-scale Linear,2021-04-01,-1.643351272455243,-0.863879030846098,0.193331050400023,0.421523803069657
5,2,Multi-scale Linear,2021-04-02,-1.1567337496294705,-0.8470308301340093,0.314511779255812,0.4286858853895483
5,2,Multi-scale Linear,2021-04-06,-1.1561330682518025,-0.8429601705684293,0.314700757376805,0.43043447623401093
5,2,Multi-scale Linear,2021-04-07,-1.272423174137114,-0.8898909779821246,0.28015194167979807,0.41070052571173754
5,2,Multi-scale Linear,2021-04-08,-0.992835768861152,-0.8428833442219608,0.37052447803365096,0.43046754621252065
5,2,Multi-scale Linear,2021-04-09,-0.9941290956374196,-1.106018307253866,0.37004557855845904,0.3308737794642664
5,2,Multi-scale Linear,2021-04-12,-1.2405224655013314,-1.0837197354523416,0.289233064158304,0.3383346666135763
5,2,Multi-scale Linear,2021-04-13,-0.950914539177984,-1.1340912548494015,0.386387495319124,0.3217143448867068
5,2,Multi-scale Linear,2021-04-14,-0.9710260206160132,-1.1821426932880121,0.37869429055672593,0.30662103938586094
5,2,Multi-scale Linear,2021-04-15,-1.2520012278969008,-1.197343013593069,0.285932008799005,0.30199554493314856
5,3,Persistence,2021-04-16,-1.2121782779610122,-0.9941290956374197,0.297548429812043,0.370045578558459
5,3,Persistence,2021-04-19,-0.9710186895890768,-1.2405224655013314,0.37869706678494697,0.289233064158304
5,3,Persistence,2021-04-20,-1.2522889455057469,-0.950914539177984,0.285849752958935,0.386387495319124
5,3,Persistence,2021-04-21,-1.1666038778843324,-0.9710260206160104,0.311422777157698,0.378694290556727
5,3,Persistence,2021-04-22,-1.1550851093390238,-1.2520012278969008,0.315030723705736,0.285932008799005
5,3,Persistence,2021-04-23,-0.943499895336074,-1.2121782779610122,0.389263068483136,0.297548429812043
5,3,Persistence,2021-04-26,-0.4057489954324373,-0.9710186895890767,0.666477435311947,0.378697066784947
5,3,Persistence,2021-04-27,-0.347149790323525,-1.2522889455057469,0.70669946358791,0.285849752958935
5,3,Persistence,2021-04-28,-0.1173605328744811,-1.1666038778843324,0.889264526265577,0.311422777157698
5,3,Persistence,2021-04-29,-0.1139557464201101,-1.1550851093390238,0.892297442364844,0.315030723705736
5,3,Persistence,2021-04-30,-0.1347983621416375,-0.943499895336074,0.873892103656173,0.389263068483136
5,3,Persistence,2021-05-06,-0.07724755154421,-0.40574899543243736,0.925660676511209,0.666477435311947
5,3,Persistence,2021-05-07,-0.0748348330458544,-0.34714979032352505,0.9278967315495931,0.70669946358791
5,3,Persistence,2021-05-10,-0.275930561125555,-0.11736053287448113,0.758865623706516,0.889264526265577
5,3,Persistence,2021-05-11,-0.2283259952263769,-0.11395574642010903,0.79586476942576,0.892297442364845
5,3,Persistence,2021-05-12,-0.184382383407562,-0.13479836214163757,0.831617746192988,0.873892103656173
5,3,Persistence,2021-05-13,-0.5476440014606629,-0.07724755154420894,0.578310705795322,0.92566067651121
5,3,Persistence,2021-05-14,-0.5210202401742962,-0.07483483304585446,0.593914303532762,0.927896731549593
5,3,Persistence,2021-05-17,-0.4879885709370695,-0.27593056112555503,0.613859888846025,0.758865623706516
5,3,Persistence,2021-05-18,-0.5858336310776788,-0.2283259952263769,0.55664163457622,0.79586476942576
5,3,Persistence,2021-05-19,-0.4362464019561058,-0.184382383407562,0.646458417690654,0.831617746192988
5,3,Persistence,2021-05-20,-0.3922379210100322,-0.5476440014606629,0.675543368878424,0.578310705795322
5,3,Persistence,2021-05-21,-0.4791094730343745,-0.5210202401742962,0.619334680534732,0.593914303532762
5,3,Persistence,2021-05-24,-0.4370906695216081,-0.48798857093706954,0.645912864145139,0.613859888846025
5,3,Persistence,2021-05-25,-0.2787248685434662,-0.5858336310776769,0.756748079777192,0.556641634576221
5,3,Persistence,2021-05-26,-0.4842930774694163,-0.4362464019561058,0.616132600865047,0.646458417690654
5,3,Persistence,2021-05-27,-0.6506270220185053,-0.39223792101003224,0.521718545165748,0.675543368878424
5,3,Persistence,2021-05-28,-0.6305455929064635,-0.47910947303437457,0.532301301952545,0.619334680534732
5,3,Persistence,2021-05-31,-0.5978987480922134,-0.43709066952160813,0.549966040013354,0.645912864145139
5,3,Persistence,2021-06-01,-0.8488922828614945,-0.27872486854346623,0.427888649117974,0.756748079777192
5,3,Persistence,2021-06-02,-0.7844199069677854,-0.48429307746941636,0.45638437040529,0.616132600865047
5,3,Persistence,2021-06-03,-0.8433603961001044,-0.6506270220185053,0.43026223983591,0.521718545165748
5,3,Persistence,2021-06-04,-0.5620544829367572,-0.6305455929064635,0.570036729256883,0.532301301952545
5,3,Persistence,2021-06-07,-0.7097924896443478,-0.5978987480922134,0.491746229309201,0.549966040013354
5,3,Persistence,2021-06-08,-0.7325903751729863,-0.8488922828614945,0.480662280426637,0.427888649117974
5,3,Persistence,2021-06-09,-0.7368977456479114,-0.7844199069677854,0.478596342485749,0.45638437040529
5,3,Persistence,2021-06-10,-0.7071069193654599,-0.8433603961001044,0.493068623263549,0.43026223983591
5,3,Persistence,2021-06-11,-0.5528123182345107,-0.5620544829367572,0.575329523357648,0.570036729256883
5,3,Persistence,2021-06-15,-0.5565354838596744,-0.7097924896443458,0.573191458906988,0.491746229309202
5,3,Persistence,2021-06-16,-0.5317730445225902,-0.7325903751729863,0.587562271509196,0.480662280426637
5,3,Persistence,2021-06-17,-0.5625159333838082,-0.7368977456479114,0.569773746234815,0.478596342485749
5,3,Persistence,2021-06-18,-0.5610415542502234,-0.7071069193654579,0.570614428346921,0.49306862326355
5,3,Persistence,2021-06-21,-1.270984487335502,-0.552812318234509,0.280555282651835,0.575329523357649
5,3,Persistence,2021-06-22,-1.0068532790900144,-0.5565354838596744,0.3653668801645589,0.573191458906988
5,3,Persistence,2021-06-23,-1.1754097393246152,-0.5317730445225902,0.30869247032755404,0.587562271509196
5,3,Persistence,2021-06-24,-1.189396597901647,-0.5625159333838082,0.304404887209529,0.569773746234815
5,3,Persistence,2021-06-25,-1.2194012866129753,-0.5610415542502234,0.295406978101533,0.570614428346921
5,3,Persistence,2021-06-28,-0.9627566594113256,-1.270984487335502,0.38183883419583103,0.280555282651835
5,3,Persistence,2021-06-29,-1.266418219662329,-1.0068532790900144,0.281839302527702,0.3653668801645589
5,3,Persistence,2021-06-30,-1.2654179912210854,-1.1754097393246152,0.28212134724501,0.30869247032755404
5,3,Persistence,2021-07-01,-0.8344687932688638,-1.189396597901647,0.434105019704316,0.304404887209529
5,3,Persistence,2021-07-02,-0.8037196711234745,-1.219401286612972,0.447660712741176,0.295406978101534
5,3,Persistence,2021-07-05,-0.9123355550493668,-0.9627566594113257,0.401585203543574,0.381838834195831
5,3,Persistence,2021-07-06,-0.7894953920667623,-1.266418219662329,0.454073866757295,0.281839302527702
5,3,Persistence,2021-07-07,-0.8006317459035184,-1.265417991221082,0.449045192030173,0.282121347245011
5,3,Persistence,2021-07-08,-1.1523373502326544,-0.8344687932688638,0.31589754260496,0.434105019704316
5,3,Persistence,2021-07-09,-1.266002987791106,-0.8037196711234745,0.281956355489053,0.447660712741176
5,3,Persistence,2021-07-12,-1.3722740810660266,-0.9123355550493668,0.253529756279601,0.401585203543574
5,3,Persistence,2021-07-13,-1.9486340406557063,-0.7894953920667601,0.14246854497518102,0.454073866757296
5,3,Persistence,2021-07-14,-0.981442383503782,-0.8006317459035184,0.374770146537763,0.449045192030173
5,3,Persistence,2021-07-15,-0.8510568309580212,-1.1523373502326544,0.42696346522075,0.31589754260496
5,3,Persistence,2021-07-16,-0.8345729511454325,-1.266002987791106,0.434059806601947,0.281956355489053
5,3,Persistence,2021-07-19,-0.8407743880353982,-1.3722740810660266,0.431376341374973,0.253529756279601
5,3,Persistence,2021-07-20,-0.7730280773722797,-1.9486340406556995,0.461613149516901,0.142468544975182
5,3,Persistence,2021-07-21,-1.0468998592292242,-0.981442383503782,0.351024288737089,0.374770146537763
5,3,Persistence,2021-07-22,-1.175040480193049,-0.8510568309580212,0.308806478889124,0.42696346522075
5,3,Persistence,2021-07-23,-0.4283274910222385,-0.8345729511454325,0.651597987361885,0.434059806601947
5,3,Persistence,2021-07-26,-0.3966427850233653,-0.8407743880353982,0.672574236316787,0.431376341374973
5,3,Persistence,2021-07-27,-0.4261054588956735,-0.7730280773722775,0.653047468824204,0.461613149516902
5,3,Persistence,2021-07-28,-0.4630897849275476,-1.0468998592292214,0.62933612507305,0.35102428873709
5,3,Persistence,2021-07-29,-0.3070395667738261,-1.175040480193049,0.735621494162146,0.308806478889124
5,3,Persistence,2021-07-30,-0.7878190395665311,-0.4283274910222385,0.45483569298537,0.651597987361885
5,3,Persistence,2021-08-02,-0.6151155883595371,-0.3966427850233653,0.540578407126652,0.672574236316787
5,3,Persistence,2021-08-03,-0.6206803061078788,-0.42610545889567353,0.537578595164609,0.653047468824204
5,3,Persistence,2021-08-04,-0.5835098194432272,-0.46308978492754765,0.557936669008132,0.62933612507305
5,3,Persistence,2021-08-05,-0.7511307804041754,-0.30703956677382477,0.471832711784917,0.735621494162147
5,3,Persistence,2021-08-06,-0.7551949731561033,-0.7878190395665311,0.469918984210618,0.45483569298537
5,3,Persistence,2021-08-09,-1.1163544196055015,-0.6151155883595371,0.327471444653655,0.540578407126652
5,3,Persistence,2021-08-10,-1.0335030887897911,-0.6206803061078788,0.35575852146092096,0.537578595164609
5,3,Persistence,2021-08-11,-0.9970365197343972,-0.5835098194432272,0.36897126163061694,0.557936669008132
5,3,Persistence,2021-08-12,-0.6621843119120829,-0.7511307804041754,0.515723602073059,0.471832711784917
5,3,Persistence,2021-08-13,-0.6289983359669479,-0.7551949731561012,0.533125546330384,0.469918984210619
5,3,Persistence,2021-08-16,-0.5783802635028191,-1.1163544196055015,0.560805989240794,0.327471444653655
5,3,Persistence,2021-08-17,-0.2611879804607035,-1.0335030887897911,0.770136135461661,0.35575852146092096
5,3,Persistence,2021-08-18,-0.2744228985278791,-0.9970365197343944,0.760010599926069,0.368971261630618
5,3,Persistence,2021-08-19,-0.4780698033451653,-0.6621843119120829,0.619978918869064,0.515723602073059
5,3,Persistence,2021-08-20,-0.4487390307376844,-0.6289983359669479,0.638432688263139,0.533125546330384
5,3,Persistence,2021-08-23,-0.492541619062221,-0.5783802635028191,0.61107130831801,0.560805989240794
5,3,Persistence,2021-08-24,-1.0204534441609352,-0.2611879804607035,0.360431467568644,0.770136135461661
5,3,Persistence,2021-08-25,-0.6671332057633466,-0.27442289852787916,0.513177645739829,0.760010599926069
5,3,Persistence,2021-08-26,-0.682308575273026,-0.4780698033451653,0.505448777878494,0.619978918869064
5,3,Persistence,2021-08-27,-0.7434306709777951,-0.4487390307376844,0.47547989914686,0.638432688263139
5,3,Persistence,2021-08-30,-0.2757486098098117,-0.49254161906222105,0.759003712867593,0.61107130831801
5,3,Persistence,2021-08-31,-0.2018995145145752,-1.0204534441609352,0.817177038248087,0.360431467568644
5,3,Persistence,2021-09-01,-0.3083807347659824,-0.6671332057633466,0.734635563456971,0.513177645739829
5,3,Persistence,2021-09-02,-0.2896904327400383,-0.682308575273026,0.7484952413383651,0.505448777878494
5,3,Persistence,2021-09-03,-0.3008480637797658,-0.7434306709777951,0.740190225908816,0.47547989914686
5,3,Persistence,2021-09-06,-0.6649344882283021,-0.27574860980981175,0.514307219780171,0.759003712867593
5,3,Persistence,2021-09-07,-1.056489044163268,-0.2018995145145752,0.347674339228365,0.817177038248087
5,3,Persistence,2021-09-08,-1.0076796362349882,-0.30838073476598243,0.365065081346577,0.734635563456971
5,3,Persistence,2021-09-09,-0.9191284805324164,-0.28969043274003836,0.39886650957780706,0.748495241338365
5,3,Persistence,2021-09-10,-0.504956681222594,-0.3008480637797658,0.603531719116978,0.740190225908816
5,3,Persistence,2021-09-13,-0.3641034626492082,-0.6649344882283021,0.6948193031781011,0.514307219780171
5,3,Persistence,2021-09-14,-0.366445225106722,-1.056489044163268,0.693194105075809,0.347674339228365
5,3,Persistence,2021-09-15,-0.3677229712830901,-1.0076796362349882,0.692308944584213,0.365065081346577
5,3,Persistence,2021-09-16,-0.3854414597733031,-0.9191284805324165,0.680150310916629,0.398866509577807
5,3,Persistence,2021-09-17,-0.5651435305720636,-0.504956681222594,0.568278575554659,0.603531719116978
5,3,Persistence,2021-09-22,-0.9057629857113616,-0.36410346264920823,0.40423334314655807,0.694819303178101
5,3,Persistence,2021-09-23,-0.7151002852171148,-0.366445225106722,0.48914305551904,0.693194105075809
5,3,Persistence,2021-09-24,-0.5116359429719549,-0.3677229712830901,0.59951400540839,0.692308944584213
5,3,Persistence,2021-09-27,-0.4277317101563914,-0.3854414597733031,0.651986312641879,0.680150310916629
5,3,Persistence,2021-09-28,-0.4297349955688007,-0.5651435305720636,0.650681505359736,0.568278575554659
5,3,Persistence,2021-09-29,-0.318623394185262,-0.9057629857113617,0.727149346418354,0.404233343146558
5,3,Persistence,2021-09-30,-0.3937537167068695,-0.7151002852171148,0.674520158831458,0.48914305551904
5,3,Persistence,2021-10-08,-0.5763157317077067,-0.5116359429719549,0.561964987018687,0.59951400540839
5,3,Persistence,2021-10-11,-0.7357088589055021,-0.4277317101563914,0.479165677702781,0.651986312641879
5,3,Persistence,2021-10-12,-0.8954125754536122,-0.4297349955688007,0.408439051946995,0.650681505359736
5,3,Persistence,2021-10-13,-1.676965428408134,-0.318623394185262,0.186940400205238,0.727149346418354
5,3,Persistence,2021-10-14,-0.4353139161038849,-0.3937537167068695,0.647061512164031,0.674520158831458
5,3,Persistence,2021-10-15,-0.2768960921680228,-0.5763157317077067,0.7581332690022611,0.561964987018687
5,3,Persistence,2021-10-18,-0.2902988961091706,-0.7357088589055021,0.748039947930768,0.479165677702781
5,3,Persistence,2021-10-19,-0.2332370892607049,-0.8954125754536122,0.791965784681441,0.408439051946995
5,3,Persistence,2021-10-20,-0.2294975894349331,-1.6769654284081286,0.7949328848729741,0.186940400205239
5,3,Persistence,2021-10-21,-0.596306925154189,-0.4353139161038849,0.550842185720393,0.647061512164031
5,3,Persistence,2021-10-22,-0.487470119661104,-0.27689609216802286,0.61417822780315,0.758133269002261
5,3,Persistence,2021-10-25,-0.4298967378808389,-0.29029889610917065,0.650576271139301,0.748039947930768
5,3,Persistence,2021-10-26,-0.1382061337156556,-0.23323708926070494,0.8709191474414691,0.791965784681441
5,3,Persistence,2021-10-27,-0.0872010125276755,-0.22949758943493317,0.9164928505715,0.794932884872974
5,3,Persistence,2021-10-28,-0.1181407543413439,-0.596306925154189,0.888570973589991,0.550842185720393
5,3,Persistence,2021-10-29,-0.2393326472878484,-0.487470119661104,0.787152994508214,0.61417822780315
5,3,Persistence,2021-11-01,-0.2644691428283025,-0.42989673788083743,0.767613334878601,0.650576271139302
5,3,Persistence,2021-11-02,-0.8073732237555863,-0.13820613371565568,0.446028144918101,0.870919147441469
5,3,Persistence,2021-11-03,-0.7747170469405245,-0.08720101252767552,0.460834156987584,0.9164928505715
5,3,Persistence,2021-11-04,-0.4638391582644408,-0.1181407543413439,0.628864694021968,0.888570973589991
5,3,Persistence,2021-11-05,-0.4411093832339279,-0.23933264728784848,0.643322334046883,0.787152994508214
5,3,Persistence,2021-11-08,-0.4485790531602704,-0.2644691428283025,0.638534831348033,0.767613334878601
5,3,Persistence,2021-11-09,-0.4658237955995352,-0.8073732237555863,0.627617863334106,0.446028144918101
5,3,Persistence,2021-11-10,-0.6119199260862478,-0.7747170469405245,0.542308676353611,0.460834156987584
5,3,Persistence,2021-11-11,-0.7194979058923161,-0.46383915826444083,0.486996712764616,0.628864694021968
5,3,Multi-scale Linear,2021-04-16,-1.2121782779610122,-1.0529649519584605,0.297548429812043,0.3489017371184422
5,3,Multi-scale Linear,2021-04-19,-0.9710186895890768,-1.0804418111148162,0.37869706678494697,0.3394455217063111
5,3,Multi-scale Linear,2021-04-20,-1.2522889455057469,-1.0224785513217793,0.285849752958935,0.3597022937993867
5,3,Multi-scale Linear,2021-04-21,-1.1666038778843324,-1.020947565012203,0.311422777157698,0.36025341485846635
5,3,Multi-scale Linear,2021-04-22,-1.1550851093390238,-1.058904886839835,0.315030723705736,0.34683542647074267
5,3,Multi-scale Linear,2021-04-23,-0.943499895336074,-1.0536448843411221,0.389263068483136,0.3486645881607727
5,3,Multi-scale Linear,2021-04-26,-0.4057489954324373,-1.0066080513999867,0.666477435311947,0.36545648922745705
5,3,Multi-scale Linear,2021-04-27,-0.347149790323525,-1.0247561285540137,0.70669946358791,0.358883976289054
5,3,Multi-scale Linear,2021-04-28,-0.1173605328744811,-1.0480760726423197,0.889264526265577,0.35061165198236977
5,3,Multi-scale Linear,2021-04-29,-0.1139557464201101,-1.0553446699735824,0.892297442364844,0.34807243651127623
5,3,Multi-scale Linear,2021-04-30,-0.1347983621416375,-1.0582522003904393,0.873892103656173,0.34706187514572234
5,3,Multi-scale Linear,2021-05-06,-0.07724755154421,-0.8531267249675428,0.925660676511209,0.4260806101252549
5,3,Multi-scale Linear,2021-05-07,-0.0748348330458544,-0.8176102589483143,0.9278967315495931,0.4414854307358945
5,3,Multi-scale Linear,2021-05-10,-0.275930561125555,-0.6408379741822696,0.758865623706516,0.5268507516860554
5,3,Multi-scale Linear,2021-05-11,-0.2283259952263769,-0.6381372607323906,0.79586476942576,0.5282755477140899
5,3,Multi-scale Linear,2021-05-12,-0.184382383407562,-0.6288344233284927,0.831617746192988,0.5332129395075383
5,3,Multi-scale Linear,2021-05-13,-0.5476440014606629,-0.6107174270208522,0.578310705795322,0.5429611942775504
5,3,Multi-scale Linear,2021-05-14,-0.5210202401742962,-0.6366729731721799,0.593914303532762,0.5290496616513582
5,3,Multi-scale Linear,2021-05-17,-0.4879885709370695,-0.6698363982919514,0.613859888846025,0.5117923010323377
5,3,Multi-scale Linear,2021-05-18,-0.5858336310776788,-0.5969294515553385,0.55664163457622,0.5504993786312179
5,3,Multi-scale Linear,2021-05-19,-0.4362464019561058,-0.6225176939261724,0.646458417690654,0.5365917616780204
5,3,Multi-scale Linear,2021-05-20,-0.3922379210100322,-0.7381538413139838,0.675543368878424,0.4779955570951094
5,3,Multi-scale Linear,2021-05-21,-0.4791094730343745,-0.7566802512445437,0.619334680534732,0.46922154191612286
5,3,Multi-scale Linear,2021-05-24,-0.4370906695216081,-0.7859496220903996,0.645912864145139,0.45568676603616726
5,3,Multi-scale Linear,2021-05-25,-0.2787248685434662,-0.8381527952365071,0.756748079777192,0.4325087181519907
5,3,Multi-scale Linear,2021-05-26,-0.4842930774694163,-0.8286783522641687,0.616132600865047,0.4366259708764877
5,3,Multi-scale Linear,2021-05-27,-0.6506270220185053,-0.7965208735042639,0.521718545165748,0.45089495898910054
5,3,Multi-scale Linear,2021-05-28,-0.6305455929064635,-0.7896776051681225,0.532301301952545,0.45399113608732145
5,3,Multi-scale Linear,2021-05-31,-0.5978987480922134,-0.7595257468302679,0.549966040013354,0.46788827189645826
5,3,Multi-scale Linear,2021-06-01,-0.8488922828614945,-0.6581586468895694,0.427888649117974,0.5178039170553783
5,3,Multi-scale Linear,2021-06-02,-0.7844199069677854,-0.6943201707175299,0.45638437040529,0.4994138487632309
5,3,Multi-scale Linear,2021-06-03,-0.8433603961001044,-0.7033161726813157,0.43026223983591,0.49494126863189625
5,3,Multi-scale Linear,2021-06-04,-0.5620544829367572,-0.7253558095870593,0.570036729256883,0.48415227228470115
5,3,Multi-scale Linear,2021-06-07,-0.7097924896443478,-0.7779996770014947,0.491746229309201,0.459323889112276
5,3,Multi-scale Linear,2021-06-08,-0.7325903751729863,-0.8087562398183616,0.480662280426637,0.44541170719911966
5,3,Multi-scale Linear,2021-06-09,-0.7368977456479114,-0.8178869916806422,0.478596342485749,0.44136327416950377
5,3,Multi-scale Linear,2021-06-10,-0.7071069193654599,-0.8338136439730585,0.493068623263549,0.43438951648603796
5,3,Multi-scale Linear,2021-06-11,-0.5528123182345107,-0.7195748478675522,0.575329523357648,0.48695924371709215
5,3,Multi-scale Linear,2021-06-15,-0.5565354838596744,-0.78093881729758,0.573191458906988,0.45797585376376015
5,3,Multi-scale Linear,2021-06-16,-0.5317730445225902,-0.7862114019934056,0.587562271509196,0.4555674920112057
5,3,Multi-scale Linear,2021-06-17,-0.5625159333838082,-0.7780033653692421,0.569773746234815,0.45932219495998217
5,3,Multi-scale Linear,2021-06-18,-0.5610415542502234,-0.8340606104560165,0.570614428346921,0.43428225008106613
5,3,Multi-scale Linear,2021-06-21,-1.270984487335502,-0.8212876497047774,0.280555282651835,0.43986489778647014
5,3,Multi-scale Linear,2021-06-22,-1.0068532790900144,-0.7991528760723304,0.3653668801645589,0.4497097627031448
5,3,Multi-scale Linear,2021-06-23,-1.1754097393246152,-0.786574812157841,0.30869247032755404,0.45540196423308277
5,3,Multi-scale Linear,2021-06-24,-1.189396597901647,-0.797765573064015,0.304404887209529,0.4503340793678748
5,3,Multi-scale Linear,2021-06-25,-1.2194012866129753,-0.7898959532518921,0.295406978101533,0.4538920188141355
5,3,Multi-scale Linear,2021-06-28,-0.9627566594113256,-0.8369952955914199,0.38183883419583103,0.43300963669033615
5,3,Multi-scale Linear,2021-06-29,-1.266418219662329,-0.844356233631529,0.281839302527702,0.4298339818222198
5,3,Multi-scale Linear,2021-06-30,-1.2654179912210854,-0.878737254525023,0.28212134724501,0.41530700775673834
5,3,Multi-scale Linear,2021-07-01,-0.8344687932688638,-0.9008403200970957,0.434105019704316,0.4062281545915655
5,3,Multi-scale Linear,2021-07-02,-0.8037196711234745,-0.9273547948848461,0.447660712741176,0.3955987674502792
5,3,Multi-scale Linear,2021-07-05,-0.9123355550493668,-0.8786352348183093,0.401585203543574,0.4153493794172013
5,3,Multi-scale Linear,2021-07-06,-0.7894953920667623,-0.920111097057552,0.454073866757295,0.398474769250952
5,3,Multi-scale Linear,2021-07-07,-0.8006317459035184,-0.9017764432039778,0.449045192030173,0.4058480529681004
5,3,Multi-scale Linear,2021-07-08,-1.1523373502326544,-0.8720291177675743,0.31589754260496,0.4181023091108158
5,3,Multi-scale Linear,2021-07-09,-1.266002987791106,-0.9233371747952464,0.281956355489053,0.39719133001932927
5,3,Multi-scale Linear,2021-07-12,-1.3722740810660266,-0.9254751575776435,0.253529756279601,0.39634304892274236
5,3,Multi-scale Linear,2021-07-13,-1.9486340406557063,-0.8770494166485292,0.14246854497518102,0.4160085705503806
5,3,Multi-scale Linear,2021-07-14,-0.981442383503782,-0.925952683048656,0.374770146537763,0.3961538302035977
5,3,Multi-scale Linear,2021-07-15,-0.8510568309580212,-0.9360107719490718,0.42696346522075,0.3921892512281104
5,3,Multi-scale Linear,2021-07-16,-0.8345729511454325,-0.9352836752878829,0.434059806601947,0.3924745144176213
5,3,Multi-scale Linear,2021-07-19,-0.8407743880353982,-0.9823774714255925,0.431376341374973,0.37441986729674753
5,3,Multi-scale Linear,2021-07-20,-0.7730280773722797,-1.0114534918536149,0.461613149516901,0.36368997479698234
5,3,Multi-scale Linear,2021-07-21,-1.0468998592292242,-0.9874580972448352,0.351024288737089,0.37252240428307254
5,3,Multi-scale Linear,2021-07-22,-1.175040480193049,-1.0135574927582793,0.308806478889124,0.36292557519171087
5,3,Multi-scale Linear,2021-07-23,-0.4283274910222385,-1.0290738945984947,0.651597987361885,0.35733773978827454
5,3,Multi-scale Linear,2021-07-26,-0.3966427850233653,-1.0252503216822464,0.672574236316787,0.3587066621114719
5,3,Multi-scale Linear,2021-07-27,-0.4261054588956735,-1.054251794943278,0.653047468824204,0.3484530441262737
5,3,Multi-scale Linear,2021-07-28,-0.4630897849275476,-1.0535624301352826,0.62933612507305,0.3486933382077587
5,3,Multi-scale Linear,2021-07-29,-0.3070395667738261,-1.0714372253043707,0.735621494162146,0.3425158909902402
5,3,Multi-scale Linear,2021-07-30,-0.7878190395665311,-0.9765036204460792,0.45483569298537,0.3766256256068809
5,3,Multi-scale Linear,2021-08-02,-0.6151155883595371,-0.9683102682282551,0.540578407126652,0.3797241282396613
5,3,Multi-scale Linear,2021-08-03,-0.6206803061078788,-0.972845184496382,0.537578595164609,0.3780060098191858
5,3,Multi-scale Linear,2021-08-04,-0.5835098194432272,-0.985194161285972,0.557936669008132,0.3733667265347399
5,3,Multi-scale Linear,2021-08-05,-0.7511307804041754,-0.9573865236184256,0.471832711784917,0.3838948762579292
5,3,Multi-scale Linear,2021-08-06,-0.7551949731561033,-1.0036329296662323,0.469918984210618,0.3665453857679975
5,3,Multi-scale Linear,2021-08-09,-1.1163544196055015,-1.0560259080356953,0.327471444653655,0.34783539706846495
5,3,Multi-scale Linear,2021-08-10,-1.0335030887897911,-1.0738870225320367,0.35575852146092096,0.34167782347693504
5,3,Multi-scale Linear,2021-08-11,-0.9970365197343972,-1.106486759719978,0.36897126163061694,0.33071881712538337
5,3,Multi-scale Linear,2021-08-12,-0.6621843119120829,-1.1317356764940132,0.515723602073059,0.3224730614915186
5,3,Multi-scale Linear,2021-08-13,-0.6289983359669479,-1.1392797617236243,0.533125546330384,0.32004945068921503
5,3,Multi-scale Linear,2021-08-16,-0.5783802635028191,-1.1685998265683302,0.560805989240794,0.31080181318772276
5,3,Multi-scale Linear,2021-08-17,-0.2611879804607035,-1.1630846522216982,0.770136135461661,0.3125206749288887
5,3,Multi-scale Linear,2021-08-18,-0.2744228985278791,-1.178116517982137,0.760010599926069,0.3078580379584638
5,3,Multi-scale Linear,2021-08-19,-0.4780698033451653,-1.1500567735131573,0.619978918869064,0.316618793307548
5,3,Multi-scale Linear,2021-08-20,-0.4487390307376844,-1.1352783665945767,0.638432688263139,0.3213326606050708
5,3,Multi-scale Linear,2021-08-23,-0.492541619062221,-1.1331813600666911,0.61107130831801,0.3220072043060661
5,3,Multi-scale Linear,2021-08-24,-1.0204534441609352,-0.9757105147466778,0.360431467568644,0.3769244480203062
5,3,Multi-scale Linear,2021-08-25,-0.6671332057633466,-0.9777047383254681,0.513177645739829,0.37617352540130167
5,3,Multi-scale Linear,2021-08-26,-0.682308575273026,-0.9891888772494101,0.505448777878494,0.3718782075966681
5,3,Multi-scale Linear,2021-08-27,-0.7434306709777951,-0.9591838844702183,0.47547989914686,0.38320549835215595
5,3,Multi-scale Linear,2021-08-30,-0.2757486098098117,-0.9958855213218428,0.759003712867593,0.36939619146690333
5,3,Multi-scale Linear,2021-08-31,-0.2018995145145752,-1.1078994526280472,0.817177038248087,0.33025194285049897
5,3,Multi-scale Linear,2021-09-01,-0.3083807347659824,-1.099105453502114,0.734635563456971,0.3331689855839281
5,3,Multi-scale Linear,2021-09-02,-0.2896904327400383,-1.1276303955387244,0.7484952413383651,0.3237996251045375
5,3,Multi-scale Linear,2021-09-03,-0.3008480637797658,-1.1272710140121074,0.740190225908816,0.32391601362081424
5,3,Multi-scale Linear,2021-09-06,-0.6649344882283021,-1.057146958378648,0.514307219780171,0.34744567456737746
5,3,Multi-scale Linear,2021-09-07,-1.056489044163268,-0.9825936410420855,0.347674339228365,0.37433893784518607
5,3,Multi-scale Linear,2021-09-08,-1.0076796362349882,-1.0030977034653192,0.365065081346577,0.3667416229732466
5,3,Multi-scale Linear,2021-09-09,-0.9191284805324164,-1.0204039332343224,0.39886650957780706,0.3604493133063596
5,3,Multi-scale Linear,2021-09-10,-0.504956681222594,-1.035705399981599,0.603531719116978,0.3549758926000001
5,3,Multi-scale Linear,2021-09-13,-0.3641034626492082,-1.09138280835754,0.6948193031781011,0.3357518920308657
5,3,Multi-scale Linear,2021-09-14,-0.366445225106722,-1.1627573482425198,0.693194105075809,0.31262298093103597
5,3,Multi-scale Linear,2021-09-15,-0.3677229712830901,-1.1614739547462876,0.692308944584213,0.31302445680219065
5,3,Multi-scale Linear,2021-09-16,-0.3854414597733031,-1.153077642048235,0.680150310916629,0.315663772779228
5,3,Multi-scale Linear,2021-09-17,-0.5651435305720636,-1.1068640345723055,0.568278575554659,0.3305940687661795
5,3,Multi-scale Linear,2021-09-22,-0.9057629857113616,-1.0289316997879991,0.40423334314655807,0.35738855497320887
5,3,Multi-scale Linear,2021-09-23,-0.7151002852171148,-1.035236094032766,0.48914305551904,0.3551425239955839
5,3,Multi-scale Linear,2021-09-24,-0.5116359429719549,-1.0186676090143512,0.59951400540839,0.3610757138389597
5,3,Multi-scale Linear,2021-09-27,-0.4277317101563914,-1.0467145303520762,0.651986312641879,0.351089349703024
5,3,Multi-scale Linear,2021-09-28,-0.4297349955688007,-1.070633292983512,0.650681505359736,0.3427913613003213
5,3,Multi-scale Linear,2021-09-29,-0.318623394185262,-1.110237254979829,0.727149346418354,0.32948078084521787
5,3,Multi-scale Linear,2021-09-30,-0.3937537167068695,-1.066335634086109,0.674520158831458,0.34426773184029613
5,3,Multi-scale Linear,2021-10-08,-0.5763157317077067,-0.9801112961041006,0.561964987018687,0.37526933051264144
5,3,Multi-scale Linear,2021-10-11,-0.7357088589055021,-0.9322782245808748,0.479165677702781,0.39365585156051086
5,3,Multi-scale Linear,2021-10-12,-0.8954125754536122,-0.9446604052339755,0.408439051946995,0.3888115868643881
5,3,Multi-scale Linear,2021-10-13,-1.676965428408134,-0.9439507484960734,0.186940400205238,0.3890876075551684
5,3,Multi-scale Linear,2021-10-14,-0.4353139161038849,-0.9753810406168333,0.647061512164031,0.3770486553352598
5,3,Multi-scale Linear,2021-10-15,-0.2768960921680228,-1.038853392955958,0.7581332690022611,0.35386018802049024
5,3,Multi-scale Linear,2021-10-18,-0.2902988961091706,-1.095489903849281,0.748039947930768,0.33437575484659143
5,3,Multi-scale Linear,2021-10-19,-0.2332370892607049,-1.1059406174879562,0.791965784681441,0.3308994859692919
5,3,Multi-scale Linear,2021-10-20,-0.2294975894349331,-1.1463533917955564,0.7949328848729741,0.31779352745999717
5,3,Multi-scale Linear,2021-10-21,-0.596306925154189,-1.0237225516545077,0.550842185720393,0.3592551022371137
5,3,Multi-scale Linear,2021-10-22,-0.487470119661104,-0.9508680898459596,0.61417822780315,0.3864054431770139
5,3,Multi-scale Linear,2021-10-25,-0.4298967378808389,-0.9520729379556312,0.650576271139301,0.38594016366109346
5,3,Multi-scale Linear,2021-10-26,-0.1382061337156556,-0.913349698134776,0.8709191474414691,0.4011781451288238
5,3,Multi-scale Linear,2021-10-27,-0.0872010125276755,-0.9195915345176103,0.9164928505715,0.3986818556066647
5,3,Multi-scale Linear,2021-10-28,-0.1181407543413439,-0.9830426468324013,0.888570973589991,0.37417089522343117
5,3,Multi-scale Linear,2021-10-29,-0.2393326472878484,-0.9991056123828327,0.787152994508214,0.368208615170868
5,3,Multi-scale Linear,2021-11-01,-0.2644691428283025,-0.9933630725100036,0.767613334878601,0.3703291506273479
5,3,Multi-scale Linear,2021-11-02,-0.8073732237555863,-0.9257378740880559,0.446028144918101,0.39623893673659716
5,3,Multi-scale Linear,2021-11-03,-0.7747170469405245,-0.8855458027017744,0.460834156987584,0.4124889742309284
5,3,Multi-scale Linear,2021-11-04,-0.4638391582644408,-0.8976090508578942,0.628864694021968,0.4075429101522372
5,3,Multi-scale Linear,2021-11-05,-0.4411093832339279,-0.922608550947109,0.643322334046883,0.3974808385532576
5,3,Multi-scale Linear,2021-11-08,-0.4485790531602704,-0.9321983617085061,0.638534831348033,0.3936872913029586
5,3,Multi-scale Linear,2021-11-09,-0.4658237955995352,-1.0202771488421212,0.627617863334106,0.3604950155505709
5,3,Multi-scale Linear,2021-11-10,-0.6119199260862478,-1.0418378324205197,0.542308676353611,0.3528056880387969
5,3,Multi-scale Linear,2021-11-11,-0.7194979058923161,-0.9536389340980305,0.486996712764616,0.38533625583568154
5,4,Persistence,2021-11-12,-0.6844383185308034,-0.44110938323392795,0.504373447247194,0.643322334046883
5,4,Persistence,2021-11-15,-0.5599425857948683,-0.44857905316027047,0.571241860304662,0.638534831348033
5,4,Persistence,2021-11-16,-0.3933924713475011,-0.4658237955995352,0.674763870125773,0.627617863334106
5,4,Persistence,2021-11-17,-0.2760065055149304,-0.6119199260862478,0.758807994308448,0.542308676353611
5,4,Persistence,2021-11-18,-0.4039758860903697,-0.7194979058923161,0.667660220973047,0.486996712764616
5,4,Persistence,2021-11-19,-0.3260072216194623,-0.6844383185308034,0.721799974848148,0.504373447247194
5,4,Persistence,2021-11-22,-0.21069413406763,-0.5599425857948683,0.810021787063903,0.571241860304662
5,4,Persistence,2021-11-23,-0.3143778852133264,-0.3933924713475011,0.730243027972109,0.674763870125773
5,4,Persistence,2021-11-24,-0.3811242699902261,-0.27600650551493044,0.683092996385184,0.758807994308448
5,4,Persistence,2021-11-25,-0.3065412528456371,-0.4039758860903697,0.735988155947312,0.667660220973047
5,4,Persistence,2021-11-26,-0.5139130196577923,-0.3260072216194623,0.598150419128297,0.721799974848148
5,4,Persistence,2021-11-29,-0.974915609499038,-0.21069413406763,0.37722418635800703,0.810021787063903
5,4,Persistence,2021-11-30,-0.4889742689888793,-0.3143778852133264,0.61325510646488,0.730243027972109
5,4,Persistence,2021-12-01,-0.567128876893547,-0.3811242699902261,0.567151464997721,0.683092996385184
5,4,Persistence,2021-12-02,-0.6477692961962187,-0.30654125284563716,0.523211606087507,0.735988155947312
5,4,Persistence,2021-12-03,-0.6487770577703963,-0.5139130196577923,0.522684599129011,0.598150419128297
5,4,Persistence,2021-12-06,-0.4956042927721711,-0.9749156094990381,0.609202659278918,0.377224186358007
5,4,Persistence,2021-12-07,-0.8907201903605255,-0.48897426898887936,0.41036010891042,0.61325510646488
5,4,Persistence,2021-12-08,-0.8902674280699707,-0.567128876893547,0.410545946560248,0.567151464997721
5,4,Persistence,2021-12-09,-0.7935659323162979,-0.6477692961962187,0.452229297549932,0.523211606087507
5,4,Persistence,2021-12-10,-0.7929499675446302,-0.6487770577703963,0.452507940674303,0.522684599129011
5,4,Persistence,2021-12-13,-1.1192087669364157,-0.49560429277217116,0.32653806014516096,0.609202659278918
5,4,Persistence,2021-12-14,-0.9300689740839482,-0.8907201903605255,0.394526497329368,0.41036010891042
5,4,Persistence,2021-12-15,-0.907425520792158,-0.8902674280699707,0.403561849378391,0.410545946560248
5,4,Persistence,2021-12-16,-1.169057554272787,-0.7935659323162979,0.310659583141031,0.452229297549932
5,4,Persistence,2021-12-17,-0.9825792293846648,-0.7929499675446302,0.374344332728592,0.452507940674303
5,4,Persistence,2021-12-20,-0.7233794587921311,-1.1192087669364155,0.485110073176413,0.326538060145161
5,4,Persistence,2021-12-21,-0.920537812766151,-0.9300689740839482,0.39830477008067,0.394526497329368
5,4,Persistence,2021-12-22,-0.9051325486839278,-0.907425520792158,0.404488267162127,0.403561849378391
5,4,Persistence,2021-12-23,-0.8999079280517271,-1.1690575542727837,0.406607095124628,0.310659583141032
5,4,Persistence,2021-12-24,-0.9861811518909368,-0.9825792293846647,0.3729983988813109,0.374344332728592
5,4,Persistence,2021-12-27,-1.481657586626265,-0.7233794587921311,0.22726067175110204,0.485110073176413
5,4,Persistence,2021-12-28,-1.5573211841845394,-0.920537812766151,0.210699741679315,0.39830477008067
5,4,Persistence,2021-12-29,-1.2294642158052205,-0.9051325486839278,0.2924492253851669,0.404488267162127
5,4,Persistence,2021-12-30,-1.237909486709321,-0.8999079280517271,0.289989812273718,0.406607095124628
5,4,Persistence,2021-12-31,-1.1344883969835151,-0.9861811518909367,0.32158660393254007,0.372998398881311
5,4,Persistence,2022-01-04,-0.9417349138344944,-1.481657586626265,0.389950717263434,0.22726067175110204
5,4,Persistence,2022-01-05,-0.8920762398338313,-1.5573211841845394,0.409804017429861,0.210699741679315
5,4,Persistence,2022-01-06,-1.0325247083899447,-1.2294642158052203,0.356106758951986,0.29244922538516693
5,4,Persistence,2022-01-07,-1.0280211762506304,-1.237909486709321,0.3577141138565191,0.289989812273718
5,4,Persistence,2022-01-10,-1.0665440522345526,-1.1344883969835122,0.34419598767371,0.321586603932541
5,4,Persistence,2022-01-11,-1.321747221509451,-0.9417349138344944,0.266668964936002,0.389950717263434
5,4,Persistence,2022-01-12,-1.198674779687301,-0.8920762398338313,0.30159362519674,0.409804017429861
5,4,Persistence,2022-01-13,-1.244225843297725,-1.0325247083899447,0.28816390582109996,0.356106758951986
5,4,Persistence,2022-01-14,-1.161980620010132,-1.0280211762506304,0.31286589835461603,0.3577141138565191
5,4,Persistence,2022-01-17,-1.1988405167105955,-1.0665440522345526,0.30154364410902806,0.34419598767371
5,4,Persistence,2022-01-18,-0.9713275864198224,-1.321747221509451,0.378580106526461,0.266668964936002
5,4,Persistence,2022-01-19,-1.091908737976869,-1.198674779687301,0.335575356592778,0.30159362519674
5,4,Persistence,2022-01-20,-1.093642650421754,-1.2442258432977247,0.334994002460019,0.2881639058211
5,4,Persistence,2022-01-21,-0.4833798014824697,-1.1619806200101321,0.616695557002224,0.312865898354616
5,4,Persistence,2022-01-24,-0.4979766895272025,-1.1988405167105924,0.607759101889382,0.30154364410902895
5,4,Persistence,2022-01-25,-0.5885345341498479,-0.9713275864198224,0.555140227964875,0.378580106526461
5,4,Persistence,2022-01-26,-0.4263395262684909,-1.091908737976869,0.652894629606886,0.335575356592778
5,4,Persistence,2022-01-27,-0.2980512511363893,-1.093642650421754,0.742263296935446,0.334994002460019
5,4,Persistence,2022-01-28,-0.6237438271880549,-0.48337980148246973,0.535934231862941,0.616695557002224
5,4,Persistence,2022-02-07,-0.5364807554648068,-0.4979766895272025,0.584802698906042,0.607759101889382
5,4,Persistence,2022-02-08,-0.0537941323476109,-0.5885345341498479,0.947627172203532,0.555140227964875
5,4,Persistence,2022-02-09,-0.1014136222087404,-0.4263395262684909,0.903559223421526,0.652894629606886
5,4,Persistence,2022-02-10,-0.1013955831100056,-0.2980512511363893,0.903575522962584,0.742263296935446
5,4,Persistence,2022-02-11,-0.1142492978065486,-0.6237438271880549,0.892035545655474,0.535934231862941
5,4,Persistence,2022-02-14,-0.1238408217675175,-0.5364807554648068,0.883520466916438,0.584802698906042
5,4,Persistence,2022-02-15,-0.643456508176656,-0.05379413234761091,0.525472979741384,0.947627172203532
5,4,Persistence,2022-02-16,-0.6788885716549425,-0.10141362220874041,0.507180373872086,0.903559223421526
5,4,Persistence,2022-02-17,-1.022800699256368,-0.10139558311000564,0.3595864351111929,0.903575522962584
5,4,Persistence,2022-02-18,-0.8502127550515537,-0.1142492978065486,0.427324006935566,0.892035545655474
5,4,Persistence,2022-02-21,-0.8101334005658923,-0.12384082176751755,0.444798725863272,0.883520466916438
5,4,Persistence,2022-02-22,-0.7046755956871569,-0.643456508176654,0.494268891210993,0.525472979741385
5,4,Persistence,2022-02-23,-0.6996881704073975,-0.6788885716549425,0.496740177930298,0.507180373872086
5,4,Persistence,2022-02-24,-0.461929730708172,-1.0228006992563679,0.630066612721066,0.359586435111193
5,4,Persistence,2022-02-25,-0.5092254106986039,-0.8502127550515537,0.600960896454918,0.427324006935566
5,4,Persistence,2022-02-28,-0.3163161376482052,-0.8101334005658901,0.728829003456006,0.444798725863273
5,4,Persistence,2022-03-01,-0.3705181432117942,-0.7046755956871569,0.690376524038317,0.494268891210993
5,4,Persistence,2022-03-02,-0.323029802487857,-0.6996881704073975,0.723952278467421,0.496740177930298
5,4,Persistence,2022-03-03,-0.4905847113088658,-0.46192973070817206,0.612268289307815,0.630066612721066
5,4,Persistence,2022-03-04,-0.4926381176252341,-0.5092254106986039,0.611012343659907,0.600960896454918
5,4,Persistence,2022-03-07,-0.396066779889924,-0.31631613764820526,0.672961754124935,0.728829003456006
5,4,Persistence,2022-03-08,-0.4465921135227259,-0.37051814321179427,0.639804822794744,0.690376524038317
5,4,Persistence,2022-03-09,-0.3220561407970163,-0.323029802487857,0.724657506337928,0.723952278467421
5,4,Persistence,2022-03-10,-0.3212326347164955,-0.4905847113088658,0.725254511985844,0.612268289307815
5,4,Persistence,2022-03-11,-0.2977800202040441,-0.49263811762523413,0.74246464900674,0.611012343659907
5,4,Persistence,2022-03-14,-0.7216609196209123,-0.396066779889924,0.485944470606496,0.672961754124935
5,4,Persistence,2022-03-15,-0.5695794613228163,-0.4465921135227259,0.565763314033825,0.639804822794744
5,4,Persistence,2022-03-16,-0.8817211733768882,-0.32205614079701633,0.414069612408758,0.724657506337928
5,4,Persistence,2022-03-17,-0.8854360207439358,-0.32123263471649555,0.412534260563872,0.725254511985844
5,4,Persistence,2022-03-18,-0.7286156388934237,-0.29778002020404415,0.482576588144765,0.74246464900674
5,4,Persistence,2022-03-21,-0.6594854152487424,-0.7216609196209123,0.517117366749297,0.485944470606496
5,4,Persistence,2022-03-22,-0.849663872177543,-0.5695794613228163,0.427558622146872,0.565763314033825
5,4,Persistence,2022-03-23,-0.8315681322253068,-0.8817211733768882,0.435366039234731,0.414069612408758
5,4,Persistence,2022-03-24,-0.8349184390491842,-0.8854360207439358,0.433909870091378,0.412534260563872
5,4,Persistence,2022-03-25,-0.9998203355943012,-0.7286156388934237,0.36794554195040996,0.482576588144765
5,4,Persistence,2022-03-28,-1.1473294615268208,-0.6594854152487424,0.317483490150683,0.517117366749297
5,4,Persistence,2022-03-29,-0.973080955839834,-0.8496638721775407,0.37791689733991507,0.427558622146873
5,4,Persistence,2022-03-30,-1.0831541587611444,-0.8315681322253068,0.338526074937778,0.435366039234731
5,4,Persistence,2022-03-31,-0.65050209606525,-0.8349184390491818,0.521783725423602,0.433909870091379
5,4,Persistence,2022-04-01,-0.4320430115507864,-0.9998203355943011,0.649181453783579,0.36794554195041
5,4,Persistence,2022-04-06,-0.322164466822265,-1.1473294615268208,0.7245790113222031,0.317483490150683
5,4,Persistence,2022-04-07,-0.3446378317018894,-0.9730809558398341,0.708476894880682,0.377916897339915
5,4,Persistence,2022-04-08,-0.3535799593023231,-1.0831541587611444,0.702169845332404,0.338526074937778
5,4,Persistence,2022-04-11,-0.542864232401505,-0.65050209606525,0.581081514050045,0.521783725423602
5,4,Persistence,2022-04-12,-0.7733805600337474,-0.4320430115507864,0.46145046755836,0.649181453783579
5,4,Persistence,2022-04-13,-1.0727914657961155,-0.32216446682226507,0.3420523560413361,0.724579011322203
5,4,Persistence,2022-04-14,-1.1519564404893692,-0.34463783170188944,0.316017893976868,0.708476894880682
5,4,Persistence,2022-04-15,-1.0544425686995822,-0.3535799593023231,0.348386574770656,0.702169845332404
5,4,Persistence,2022-04-18,-0.2099380153639815,-0.542864232401505,0.810634491296839,0.581081514050045
5,4,Persistence,2022-04-19,-0.2569738738482552,-0.7733805600337474,0.7733884191647,0.46145046755836
5,4,Persistence,2022-04-20,-0.2442411866832388,-1.0727914657961157,0.7832986902653001,0.342052356041336
5,4,Persistence,2022-04-21,-0.2107379847521514,-1.1519564404893692,0.80998626783284,0.316017893976868
5,4,Persistence,2022-04-22,-0.2195177564846862,-1.0544425686995822,0.8029059007801231,0.348386574770656
5,4,Persistence,2022-04-25,-1.119119452144934,-0.2099380153639815,0.32656722612637107,0.810634491296839
5,4,Persistence,2022-04-26,-0.7100435933688953,-0.2569738738482552,0.491622765501249,0.7733884191647
5,4,Persistence,2022-04-27,-0.704201878878574,-0.24424118668323888,0.494503090160329,0.7832986902653
5,4,Persistence,2022-04-28,-0.6726943058255578,-0.2107379847521514,0.510331734036401,0.80998626783284
5,4,Persistence,2022-04-29,-0.4872746302454781,-0.21951775648468627,0.61429830488251,0.802905900780123
5,4,Persistence,2022-05-05,-0.427488078023954,-1.1191194521449341,0.65214517680897,0.32656722612637096
5,4,Persistence,2022-05-06,-0.5545734104948299,-0.7100435933688953,0.574317206640135,0.491622765501249
5,4,Persistence,2022-05-09,-0.5797842259048092,-0.704201878878574,0.560019191163787,0.494503090160329
5,4,Persistence,2022-05-10,-0.682924077419754,-0.6726943058255578,0.505137768793847,0.510331734036401
5,4,Persistence,2022-05-11,-0.7410710717892527,-0.4872746302454781,0.476603165839475,0.61429830488251
5,4,Persistence,2022-05-12,-0.7225286281188079,-0.42748807802395405,0.485522995345123,0.65214517680897
5,4,Persistence,2022-05-13,-0.7490662048386453,-0.5545734104948299,0.472807852352004,0.574317206640135
5,4,Persistence,2022-05-16,-0.7044897015109536,-0.5797842259048092,0.494360781460014,0.560019191163787
5,4,Persistence,2022-05-17,-0.5717314284938044,-0.682924077419754,0.564547119030681,0.505137768793847
5,4,Persistence,2022-05-18,-0.71216100183934,-0.7410710717892527,0.49058290059121,0.476603165839475
5,4,Persistence,2022-05-19,-0.7878256043436845,-0.7225286281188079,0.454832707100205,0.485522995345123
5,4,Persistence,2022-05-20,-0.7483305259615629,-0.7490662048386453,0.473155815080619,0.472807852352004
5,4,Persistence,2022-05-23,-0.7867876110293633,-0.7044897015109536,0.455305065519339,0.494360781460014
5,4,Persistence,2022-05-24,-0.9679288871243226,-0.5717314284938044,0.379868975466121,0.564547119030681
5,4,Persistence,2022-05-25,-1.052209957958066,-0.712161001839338,0.3491652553015,0.490582900591211
5,4,Persistence,2022-05-26,-0.9403636941942272,-0.7878256043436845,0.390485792114415,0.454832707100205
5,4,Persistence,2022-05-27,-1.1613812623754085,-0.7483305259615629,0.31305347312600995,0.473155815080619
5,4,Persistence,2022-05-30,-1.2340554765951848,-0.7867876110293633,0.291109592379099,0.455305065519339
5,4,Persistence,2022-05-31,-1.319331565445387,-0.9679288871243226,0.2673139241244021,0.379868975466121
5,4,Persistence,2022-06-01,-1.397190082869317,-1.052209957958066,0.247290855407159,0.3491652553015
5,4,Persistence,2022-06-02,-2.1499087010230102,-0.9403636941942273,0.116494793143429,0.390485792114415
5,4,Persistence,2022-06-06,-2.115752159338417,-1.1613812623754083,0.120542588213103,0.31305347312601
5,4,Persistence,2022-06-07,-2.132240186804592,-1.2340554765951848,0.11857137408101796,0.291109592379099
5,4,Persistence,2022-06-08,-1.2008378844040983,-1.319331565445387,0.30094195167665305,0.2673139241244021
5,4,Persistence,2022-06-09,-1.2020462542396566,-1.397190082869317,0.30057852212287,0.247290855407159
5,4,Persistence,2022-06-10,-0.7262243490093175,-2.1499087010230102,0.483731949509719,0.116494793143429
5,4,Multi-scale Linear,2021-11-12,-0.6844383185308034,-0.5179422887036347,0.504373447247194,0.5957451591336848
5,4,Multi-scale Linear,2021-11-15,-0.5599425857948683,-0.5242372483817348,0.571241860304662,0.5920067463025461
5,4,Multi-scale Linear,2021-11-16,-0.3933924713475011,-0.540337996297015,0.674763870125773,0.5825513189058616
5,4,Multi-scale Linear,2021-11-17,-0.2760065055149304,-0.5552476962301838,0.758807994308448,0.5739300832706796
5,4,Multi-scale Linear,2021-11-18,-0.4039758860903697,-0.5719054701396693,0.667660220973047,0.5644488728706263
5,4,Multi-scale Linear,2021-11-19,-0.3260072216194623,-0.5300200614929911,0.721799974848148,0.5885931615023267
5,4,Multi-scale Linear,2021-11-22,-0.21069413406763,-0.5017484678336643,0.810021787063903,0.605471086948381
5,4,Multi-scale Linear,2021-11-23,-0.3143778852133264,-0.4731021429886122,0.730243027972109,0.6230664260604002
5,4,Multi-scale Linear,2021-11-24,-0.3811242699902261,-0.41199238311298436,0.683092996385184,0.6623293209205138
5,4,Multi-scale Linear,2021-11-25,-0.3065412528456371,-0.4465950327356465,0.735988155947312,0.6398029550709647
5,4,Multi-scale Linear,2021-11-26,-0.5139130196577923,-0.4217173671546046,0.598150419128297,0.6559193975637377
5,4,Multi-scale Linear,2021-11-29,-0.974915609499038,-0.3402811638377585,0.37722418635800703,0.7115702268182491
5,4,Multi-scale Linear,2021-11-30,-0.4889742689888793,-0.38903006091095227,0.61325510646488,0.677713897010648
5,4,Multi-scale Linear,2021-12-01,-0.567128876893547,-0.37816296823428575,0.567151464997721,0.6851188389600007
5,4,Multi-scale Linear,2021-12-02,-0.6477692961962187,-0.37975335374751773,0.523211606087507,0.6840301018690059
5,4,Multi-scale Linear,2021-12-03,-0.6487770577703963,-0.458836981106969,0.522684599129011,0.6320182674202893
5,4,Multi-scale Linear,2021-12-06,-0.4956042927721711,-0.5098429767498482,0.609202659278918,0.6005898779831402
5,4,Multi-scale Linear,2021-12-07,-0.8907201903605255,-0.37460111615010416,0.41036010891042,0.6875634820684823
5,4,Multi-scale Linear,2021-12-08,-0.8902674280699707,-0.40070149150263257,0.410545946560248,0.6698499871097481
5,4,Multi-scale Linear,2021-12-09,-0.7935659323162979,-0.40760340390326766,0.452229297549932,0.6652426591538197
5,4,Multi-scale Linear,2021-12-10,-0.7929499675446302,-0.410210435929647,0.452507940674303,0.6635106089722459
5,4,Multi-scale Linear,2021-12-13,-1.1192087669364157,-0.4061031554392933,0.32653806014516096,0.6662414374518563
5,4,Multi-scale Linear,2021-12-14,-0.9300689740839482,-0.4557797704602975,0.394526497329368,0.633953436999597
5,4,Multi-scale Linear,2021-12-15,-0.907425520792158,-0.4546494170469828,0.403561849378391,0.6346704335844185
5,4,Multi-scale Linear,2021-12-16,-1.169057554272787,-0.45164123065338013,0.310659583141031,0.6365825150539811
5,4,Multi-scale Linear,2021-12-17,-0.9825792293846648,-0.46529619411072076,0.374344332728592,0.6279490828214717
5,4,Multi-scale Linear,2021-12-20,-0.7233794587921311,-0.49585316558629366,0.485110073176413,0.6090510641634663
5,4,Multi-scale Linear,2021-12-21,-0.920537812766151,-0.47139807421504365,0.39830477008067,0.624129079260828
5,4,Multi-scale Linear,2021-12-22,-0.9051325486839278,-0.49665260811403233,0.404488267162127,0.608564357414168
5,4,Multi-scale Linear,2021-12-23,-0.8999079280517271,-0.5596754180332475,0.406607095124628,0.5713944981028652
5,4,Multi-scale Linear,2021-12-24,-0.9861811518909368,-0.5532418840284405,0.3729983988813109,0.5750824345484253
5,4,Multi-scale Linear,2021-12-27,-1.481657586626265,-0.5255395448649183,0.22726067175110204,0.5912362797956178
5,4,Multi-scale Linear,2021-12-28,-1.5573211841845394,-0.5590545334481989,0.210699741679315,0.5717493782971395
5,4,Multi-scale Linear,2021-12-29,-1.2294642158052205,-0.631286059443978,0.2924492253851669,0.5319072965424871
5,4,Multi-scale Linear,2021-12-30,-1.237909486709321,-0.6489109658195729,0.289989812273718,0.5226146121400221
5,4,Multi-scale Linear,2021-12-31,-1.1344883969835151,-0.6635459706874438,0.32158660393254007,0.5150218403930393
5,4,Multi-scale Linear,2022-01-04,-0.9417349138344944,-0.6887681912755521,0.389950717263434,0.5021942955341115
5,4,Multi-scale Linear,2022-01-05,-0.8920762398338313,-0.6947278032390651,0.409804017429861,0.4992103129235021
5,4,Multi-scale Linear,2022-01-06,-1.0325247083899447,-0.6557531797124763,0.356106758951986,0.5190509766611813
5,4,Multi-scale Linear,2022-01-07,-1.0280211762506304,-0.7183945214107694,0.3577141138565191,0.48753435393796213
5,4,Multi-scale Linear,2022-01-10,-1.0665440522345526,-0.7229863981826572,0.34419598767371,0.4853007883162868
5,4,Multi-scale Linear,2022-01-11,-1.321747221509451,-0.6958422721446182,0.266668964936002,0.49865426845710387
5,4,Multi-scale Linear,2022-01-12,-1.198674779687301,-0.6907802485827872,0.30159362519674,0.5011848676860146
5,4,Multi-scale Linear,2022-01-13,-1.244225843297725,-0.7457215970264401,0.28816390582109996,0.4743918566486162
5,4,Multi-scale Linear,2022-01-14,-1.161980620010132,-0.7606012699739797,0.31286589835461603,0.46738531774925773
5,4,Multi-scale Linear,2022-01-17,-1.1988405167105955,-0.7627077610826729,0.30154364410902806,0.4664018109709037
5,4,Multi-scale Linear,2022-01-18,-0.9713275864198224,-0.7979607360097098,0.378580106526461,0.45024619941813243
5,4,Multi-scale Linear,2022-01-19,-1.091908737976869,-0.7720964103135657,0.335575356592778,0.4620434196853233
5,4,Multi-scale Linear,2022-01-20,-1.093642650421754,-0.7674964770869479,0.334994002460019,0.4641736843450124
5,4,Multi-scale Linear,2022-01-21,-0.4833798014824697,-0.7775842200507792,0.616695557002224,0.45951475806080766
5,4,Multi-scale Linear,2022-01-24,-0.4979766895272025,-0.8247400191622218,0.607759101889382,0.43834893997687696
5,4,Multi-scale Linear,2022-01-25,-0.5885345341498479,-0.79852546103732,0.555140227964875,0.4499920059022103
5,4,Multi-scale Linear,2022-01-26,-0.4263395262684909,-0.8199376415093752,0.652894629606886,0.4404591200155426
5,4,Multi-scale Linear,2022-01-27,-0.2980512511363893,-0.8375972144289887,0.742263296935446,0.43274907845848426
5,4,Multi-scale Linear,2022-01-28,-0.6237438271880549,-0.6539565119128008,0.535934231862941,0.5199843770915014
5,4,Multi-scale Linear,2022-02-07,-0.5364807554648068,-0.6608171054703313,0.584802698906042,0.5164291849327827
5,4,Multi-scale Linear,2022-02-08,-0.0537941323476109,-0.7053299300343499,0.947627172203532,0.49394557988711224
5,4,Multi-scale Linear,2022-02-09,-0.1014136222087404,-0.6860377435821386,0.903559223421526,0.5035673845107418
5,4,Multi-scale Linear,2022-02-10,-0.1013955831100056,-0.6649808068646423,0.903575522962584,0.5142833983227838
5,4,Multi-scale Linear,2022-02-11,-0.1142492978065486,-0.7366784109809142,0.892035545655474,0.4787013267680796
5,4,Multi-scale Linear,2022-02-14,-0.1238408217675175,-0.7404242337672944,0.883520466916438,0.4769115506152725
5,4,Multi-scale Linear,2022-02-15,-0.643456508176656,-0.5715250645839944,0.525472979741384,0.5646636332031828
5,4,Multi-scale Linear,2022-02-16,-0.6788885716549425,-0.5551902881567425,0.507180373872086,0.5739630324368152
5,4,Multi-scale Linear,2022-02-17,-1.022800699256368,-0.5645891146161461,0.3595864351111929,0.5685937256183919
5,4,Multi-scale Linear,2022-02-18,-0.8502127550515537,-0.584080178287814,0.427324006935566,0.5576185356279618
5,4,Multi-scale Linear,2022-02-21,-0.8101334005658923,-0.5840507377013314,0.444798725863272,0.557634952486344
5,4,Multi-scale Linear,2022-02-22,-0.7046755956871569,-0.6663999897046049,0.494268891210993,0.5135540538080295
5,4,Multi-scale Linear,2022-02-23,-0.6996881704073975,-0.6552830385647702,0.496740177930298,0.5192950612556765
5,4,Multi-scale Linear,2022-02-24,-0.461929730708172,-0.6878449609037924,0.630066612721066,0.5026581506498913
5,4,Multi-scale Linear,2022-02-25,-0.5092254106986039,-0.6841106282458365,0.600960896454918,0.5045387526088535
5,4,Multi-scale Linear,2022-02-28,-0.3163161376482052,-0.672675108696229,0.728829003456006,0.5103415310347367
5,4,Multi-scale Linear,2022-03-01,-0.3705181432117942,-0.6420959805725158,0.690376524038317,0.5261883867907177
5,4,Multi-scale Linear,2022-03-02,-0.323029802487857,-0.6360062492099042,0.723952278467421,0.5294025093509526
5,4,Multi-scale Linear,2022-03-03,-0.4905847113088658,-0.5849259194053915,0.612268289307815,0.5571471340743948
5,4,Multi-scale Linear,2022-03-04,-0.4926381176252341,-0.5991505163470916,0.611012343659907,0.549278040680903
5,4,Multi-scale Linear,2022-03-07,-0.396066779889924,-0.4893495660998678,0.672961754124935,0.6130249967775762
5,4,Multi-scale Linear,2022-03-08,-0.4465921135227259,-0.5755442968824922,0.639804822794744,0.5623986736391979
5,4,Multi-scale Linear,2022-03-09,-0.3220561407970163,-0.5968286854789451,0.724657506337928,0.5505548530885843
5,4,Multi-scale Linear,2022-03-10,-0.3212326347164955,-0.6300375797467177,0.725254511985844,0.5325717867179798
5,4,Multi-scale Linear,2022-03-11,-0.2977800202040441,-0.6265518647787858,0.74246464900674,0.5344314193581953
5,4,Multi-scale Linear,2022-03-14,-0.7216609196209123,-0.6120374207035165,0.485944470606496,0.5422449617463764
5,4,Multi-scale Linear,2022-03-15,-0.5695794613228163,-0.6158198082069738,0.565763314033825,0.5401978550951315
5,4,Multi-scale Linear,2022-03-16,-0.8817211733768882,-0.52468228102144,0.414069612408758,0.5917433425934872
5,4,Multi-scale Linear,2022-03-17,-0.8854360207439358,-0.5731193007793318,0.412534260563872,0.5637641431912179
5,4,Multi-scale Linear,2022-03-18,-0.7286156388934237,-0.5626717957564971,0.482576588144765,0.5696849468672509
5,4,Multi-scale Linear,2022-03-21,-0.6594854152487424,-0.6138466600701546,0.517117366749297,0.5412647977582282
5,4,Multi-scale Linear,2022-03-22,-0.849663872177543,-0.5944102218798221,0.427558622146872,0.5518879613472228
5,4,Multi-scale Linear,2022-03-23,-0.8315681322253068,-0.6405433743891459,0.435366039234731,0.5270059846731895
5,4,Multi-scale Linear,2022-03-24,-0.8349184390491842,-0.6421726358668244,0.433909870091378,0.5261480532109775
5,4,Multi-scale Linear,2022-03-25,-0.9998203355943012,-0.593912625086754,0.36794554195040996,0.5521626473626945
5,4,Multi-scale Linear,2022-03-28,-1.1473294615268208,-0.5774414296263156,0.317483490150683,0.5613327401287381
5,4,Multi-scale Linear,2022-03-29,-0.973080955839834,-0.5894851047535843,0.37791689733991507,0.5546127787118138
5,4,Multi-scale Linear,2022-03-30,-1.0831541587611444,-0.5835165075815847,0.338526074937778,0.5579329374629735
5,4,Multi-scale Linear,2022-03-31,-0.65050209606525,-0.6213472034640142,0.521783725423602,0.5372202049388087
5,4,Multi-scale Linear,2022-04-01,-0.4320430115507864,-0.6245605656838553,0.649181453783579,0.5354966924465259
5,4,Multi-scale Linear,2022-04-06,-0.322164466822265,-0.6729132838314226,0.7245790113222031,0.5102199948456112
5,4,Multi-scale Linear,2022-04-07,-0.3446378317018894,-0.6765812759655043,0.708476894880682,0.5083519400175003
5,4,Multi-scale Linear,2022-04-08,-0.3535799593023231,-0.7337337046312565,0.702169845332404,0.4801130391236574
5,4,Multi-scale Linear,2022-04-11,-0.542864232401505,-0.6735231965234798,0.581081514050045,0.5099089000749818
5,4,Multi-scale Linear,2022-04-12,-0.7733805600337474,-0.5700386047250028,0.46145046755836,0.5655036071668968
5,4,Multi-scale Linear,2022-04-13,-1.0727914657961155,-0.5471252957556461,0.3420523560413361,0.578610756670013
5,4,Multi-scale Linear,2022-04-14,-1.1519564404893692,-0.5462106340813355,0.316017893976868,0.5791402318619021
5,4,Multi-scale Linear,2022-04-15,-1.0544425686995822,-0.5499568579966054,0.348386574770656,0.5769747016880912
5,4,Multi-scale Linear,2022-04-18,-0.2099380153639815,-0.5680478860778742,0.810634491296839,0.5666304870209234
5,4,Multi-scale Linear,2022-04-19,-0.2569738738482552,-0.6496696392309531,0.7733884191647,0.5222182686960198
5,4,Multi-scale Linear,2022-04-20,-0.2442411866832388,-0.6688250528992989,0.7832986902653001,0.5123101616418126
5,4,Multi-scale Linear,2022-04-21,-0.2107379847521514,-0.6908157761234881,0.80998626783284,0.5011670621365247
5,4,Multi-scale Linear,2022-04-22,-0.2195177564846862,-0.6949087535582317,0.8029059007801231,0.49911998883038056
5,4,Multi-scale Linear,2022-04-25,-1.119119452144934,-0.5059477600812563,0.32656722612637107,0.6029338678974172
5,4,Multi-scale Linear,2022-04-26,-0.7100435933688953,-0.5149435256579791,0.491622765501249,0.5975343390240132
5,4,Multi-scale Linear,2022-04-27,-0.704201878878574,-0.4987664682594142,0.494503090160329,0.6072792961715173
5,4,Multi-scale Linear,2022-04-28,-0.6726943058255578,-0.4983894756972864,0.510331734036401,0.6075082791090284
5,4,Multi-scale Linear,2022-04-29,-0.4872746302454781,-0.49786550400309215,0.61429830488251,0.6078266796604237
5,4,Multi-scale Linear,2022-05-05,-0.427488078023954,-0.6002709601645924,0.65214517680897,0.5486629501476742
5,4,Multi-scale Linear,2022-05-06,-0.5545734104948299,-0.5665529838850716,0.574317206640135,0.5674781776278899
5,4,Multi-scale Linear,2022-05-09,-0.5797842259048092,-0.5730426055973594,0.560019191163787,0.5638073828428848
5,4,Multi-scale Linear,2022-05-10,-0.682924077419754,-0.585392026251186,0.505137768793847,0.556887504493351
5,4,Multi-scale Linear,2022-05-11,-0.7410710717892527,-0.5238956624488673,0.476603165839475,0.5922090020211334
5,4,Multi-scale Linear,2022-05-12,-0.7225286281188079,-0.5141439136773784,0.485522995345123,0.5980123257167923
5,4,Multi-scale Linear,2022-05-13,-0.7490662048386453,-0.5115260337704499,0.472807852352004,0.5995799011352225
5,4,Multi-scale Linear,2022-05-16,-0.7044897015109536,-0.5415656350784455,0.494360781460014,0.5818365951156839
5,4,Multi-scale Linear,2022-05-17,-0.5717314284938044,-0.591620455946303,0.564547119030681,0.5534297491945639
5,4,Multi-scale Linear,2022-05-18,-0.71216100183934,-0.5935787056752524,0.49058290059121,0.5523470559760494
5,4,Multi-scale Linear,2022-05-19,-0.7878256043436845,-0.5850819749449188,0.454832707100205,0.5570601949616323
5,4,Multi-scale Linear,2022-05-20,-0.7483305259615629,-0.5917098231484437,0.473155815080619,0.5533802929362136
5,4,Multi-scale Linear,2022-05-23,-0.7867876110293633,-0.5760877155348949,0.455305065519339,0.5620931387340579
5,4,Multi-scale Linear,2022-05-24,-0.9679288871243226,-0.5615425977652626,0.379868975466121,0.5703285973008857
5,4,Multi-scale Linear,2022-05-25,-1.052209957958066,-0.6259972632676136,0.3491652553015,0.5347278980371516
5,4,Multi-scale Linear,2022-05-26,-0.9403636941942272,-0.6478393396831574,0.390485792114415,0.5231749598056415
5,4,Multi-scale Linear,2022-05-27,-1.1613812623754085,-0.6299273395817295,0.31305347312600995,0.5326305007558787
5,4,Multi-scale Linear,2022-05-30,-1.2340554765951848,-0.6552290384821391,0.291109592379099,0.5193231039890425
5,4,Multi-scale Linear,2022-05-31,-1.319331565445387,-0.6739255126438053,0.2673139241244021,0.5097037967655346
5,4,Multi-scale Linear,2022-06-01,-1.397190082869317,-0.6891940662564717,0.247290855407159,0.5019804690829828
5,4,Multi-scale Linear,2022-06-02,-2.1499087010230102,-0.6696707490210156,0.116494793143429,0.5118770860759707
5,4,Multi-scale Linear,2022-06-06,-2.115752159338417,-0.7024902395495038,0.120542588213103,0.4953502258863853
5,4,Multi-scale Linear,2022-06-07,-2.132240186804592,-0.7133226571943794,0.11857137408101796,0.49001334321638346
5,4,Multi-scale Linear,2022-06-08,-1.2008378844040983,-0.7331333005381411,0.30094195167665305,0.4804013875116194
5,4,Multi-scale Linear,2022-06-09,-1.2020462542396566,-0.7501264018229479,0.30057852212287,0.47230684852108923
5,4,Multi-scale Linear,2022-06-10,-0.7262243490093175,-0.7863686276772736,0.483731949509719,0.45549587073122616
5,5,Persistence,2022-06-13,-0.1818910378833322,-2.1157521593384088,0.833692176330991,0.12054258821310403
5,5,Persistence,2022-06-14,-0.1814852612579688,-2.1322401868045917,0.834030537773834,0.11857137408101802
5,5,Persistence,2022-06-15,-0.1327612125147049,-1.2008378844040983,0.875674167177841,0.30094195167665305
5,5,Persistence,2022-06-16,-0.0425638903016463,-1.2020462542396566,0.9583292356210291,0.30057852212287
5,5,Persistence,2022-06-17,-0.1207585287688467,-0.7262243490093175,0.886247937137613,0.483731949509719
5,5,Persistence,2022-06-20,-0.3977307303867664,-0.18189103788333225,0.671842910188413,0.833692176330991
5,5,Persistence,2022-06-21,-0.3048876169798901,-0.18148526125796885,0.737206219197723,0.834030537773834
5,5,Persistence,2022-06-22,-0.4608038211653416,-0.13276121251470377,0.630776410241866,0.875674167177842
5,5,Persistence,2022-06-23,-0.6761152330377981,-0.04256389030164637,0.508588909058515,0.958329235621029
5,5,Persistence,2022-06-24,-0.4540819303619879,-0.12075852876884671,0.635030702819166,0.886247937137613
5,5,Persistence,2022-06-27,-0.535946385458783,-0.39773073038676643,0.58511528343824,0.671842910188413
5,5,Persistence,2022-06-28,-0.6030699591662416,-0.30488761697989014,0.547129390315398,0.737206219197723
5,5,Persistence,2022-06-29,-0.6039147223584377,-0.4608038211653416,0.546667390712695,0.630776410241866
5,5,Persistence,2022-06-30,-0.6112313173346546,-0.6761152330377962,0.542682243460241,0.508588909058516
5,5,Persistence,2022-07-01,-1.0074264139208098,-0.45408193036198796,0.36515753567655695,0.635030702819166
5,5,Persistence,2022-07-04,-1.270372448237664,-0.535946385458783,0.280727046011507,0.58511528343824
5,5,Persistence,2022-07-05,-0.9827122401439954,-0.6030699591662416,0.374294544215922,0.547129390315398
5,5,Persistence,2022-07-06,-0.806931490293118,-0.6039147223584377,0.446225213997713,0.546667390712695
5,5,Persistence,2022-07-07,-0.565162911840185,-0.6112313173346546,0.56826756170195,0.542682243460241
5,5,Persistence,2022-07-08,-0.2477836518338496,-1.007426413920807,0.780528790984987,0.365157535676558
5,5,Persistence,2022-07-11,-0.1619649239344791,-1.270372448237664,0.850471035194813,0.280727046011507
5,5,Persistence,2022-07-12,-0.2007292383705552,-0.9827122401439954,0.818133920840617,0.374294544215922
5,5,Persistence,2022-07-13,-0.2407739249403899,-0.806931490293118,0.786019305664545,0.446225213997713
5,5,Persistence,2022-07-14,-0.352311975878101,-0.565162911840185,0.703060749763935,0.56826756170195
5,5,Persistence,2022-07-15,-0.649532848236492,-0.24778365183384965,0.522289708338359,0.780528790984987
5,5,Persistence,2022-07-18,-0.727392657984001,-0.16196492393447912,0.483167131137198,0.850471035194813
5,5,Persistence,2022-07-19,-0.5866160024531811,-0.20072923837055526,0.55620630441205,0.818133920840617
5,5,Persistence,2022-07-20,-0.5995445739768512,-0.24077392494038996,0.549061636118848,0.786019305664545
5,5,Persistence,2022-07-21,-0.3486685366818537,-0.352311975878101,0.705626980971835,0.703060749763935
5,5,Persistence,2022-07-22,-0.4062205398436571,-0.649532848236492,0.666163235687482,0.522289708338359
5,5,Persistence,2022-07-25,-0.5218444084767364,-0.727392657984001,0.593425019843174,0.483167131137198
5,5,Persistence,2022-07-26,-0.691657923094155,-0.5866160024531811,0.500745183480198,0.55620630441205
5,5,Persistence,2022-07-27,-0.6317418707388437,-0.5995445739768495,0.531664902436084,0.549061636118849
5,5,Persistence,2022-07-28,-0.9349924995123864,-0.34866853668185377,0.392588810127983,0.705626980971835
5,5,Persistence,2022-07-29,-0.6661466803111944,-0.40622053984365714,0.513684158351539,0.666163235687482
5,5,Persistence,2022-08-01,-0.6334624073426799,-0.5218444084767364,0.530750939988853,0.593425019843174
5,5,Persistence,2022-08-02,-0.6549850615169592,-0.691657923094155,0.51944982232145,0.500745183480198
5,5,Persistence,2022-08-03,-0.7205322232104384,-0.6317418707388437,0.486493264038486,0.531664902436084
5,5,Persistence,2022-08-04,-0.840987699184667,-0.9349924995123864,0.431284333805296,0.392588810127983
5,5,Persistence,2022-08-05,-1.2899317872206846,-0.6661466803111944,0.275289560715361,0.513684158351539
5,5,Persistence,2022-08-08,-1.1151583483774798,-0.633462407342678,0.327863358158115,0.530750939988854
5,5,Persistence,2022-08-09,-1.1300948569702265,-0.6549850615169592,0.32300261591952195,0.51944982232145
5,5,Persistence,2022-08-10,-0.7128705734656218,-0.7205322232104363,0.490234920357662,0.486493264038487
5,5,Persistence,2022-08-11,-0.76149808606394,-0.840987699184667,0.466966346974036,0.431284333805296
5,5,Persistence,2022-08-12,-0.7790166625575051,-1.2899317872206846,0.458857000801093,0.275289560715361
5,5,Persistence,2022-08-15,-0.8296135462591211,-1.115158348377477,0.436217831764853,0.32786335815811596
5,5,Persistence,2022-08-16,-0.8164960982578078,-1.1300948569702232,0.44197759056991,0.323002615919523
5,5,Persistence,2022-08-17,-1.3210667993809324,-0.7128705734656218,0.266850474145172,0.490234920357662
5,5,Persistence,2022-08-18,-1.269634670346082,-0.76149808606394,0.28093423664055805,0.466966346974036
5,5,Persistence,2022-08-19,-0.9139856632816068,-0.7790166625575051,0.40092309092224104,0.458857000801093
5,5,Persistence,2022-08-22,-0.8807978901100556,-0.8296135462591189,0.41445209249476,0.436217831764854
5,5,Persistence,2022-08-23,-0.6813458594892017,-0.8164960982578078,0.505935615700499,0.44197759056991
5,5,Persistence,2022-08-24,-0.7035328252031846,-1.3210667993809289,0.494834049972886,0.26685047414517293
5,5,Persistence,2022-08-25,-0.7059275291651075,-1.2696346703460821,0.493650486620452,0.280934236640558
5,5,Persistence,2022-08-26,-0.8970654111959758,-0.9139856632816069,0.407764526876492,0.400923090922241
5,5,Persistence,2022-08-29,-0.8319221834085735,-0.8807978901100556,0.43521192465722,0.41445209249476
5,5,Persistence,2022-08-30,-1.2416431988333172,-0.6813458594892017,0.288909092599362,0.505935615700499
5,5,Persistence,2022-08-31,-1.168214457513196,-0.7035328252031846,0.3109216096702509,0.494834049972886
5,5,Persistence,2022-09-01,-0.9232068916490032,-0.7059275291651075,0.397243080726514,0.493650486620452
5,5,Persistence,2022-09-02,-0.8816456863957033,-0.8970654111959758,0.414100870453572,0.407764526876492
5,5,Persistence,2022-09-05,-1.094015464394967,-0.8319221834085735,0.334869135292518,0.43521192465722
5,5,Persistence,2022-09-06,-1.0674504925291612,-1.2416431988333172,0.34388413592009,0.288909092599362
5,5,Persistence,2022-09-07,-1.1294332254067083,-1.1682144575131959,0.32321639535912705,0.310921609670251
5,5,Persistence,2022-09-08,-1.622136816983912,-0.9232068916490032,0.197476277262111,0.397243080726514
5,5,Persistence,2022-09-09,-1.8025840609258093,-0.8816456863957033,0.16487229722938604,0.414100870453572
5,5,Persistence,2022-09-13,-1.7482895439805268,-1.094015464394967,0.174071430484763,0.334869135292518
5,5,Persistence,2022-09-14,-1.7541875994920324,-1.0674504925291612,0.173047769297562,0.34388413592009
5,5,Persistence,2022-09-15,-1.492532675520058,-1.1294332254067054,0.224802581942311,0.323216395359128
5,5,Persistence,2022-09-16,-1.5489274451842785,-1.622136816983907,0.21247574353911397,0.19747627726211203
5,5,Persistence,2022-09-19,-1.5702997594136785,-1.8025840609258035,0.207982828201228,0.164872297229387
5,5,Persistence,2022-09-20,-1.6055518993847897,-1.7482895439805268,0.20077871467760797,0.174071430484763
5,5,Persistence,2022-09-21,-1.6175920537504298,-1.7541875994920266,0.198375802703275,0.173047769297563
5,5,Persistence,2022-09-22,-1.749327645502332,-1.4925326755200536,0.17389082042987997,0.224802581942312
5,5,Persistence,2022-09-23,-1.7493432592679097,-1.5489274451842785,0.17388810536056995,0.21247574353911397
5,5,Persistence,2022-09-26,-1.4620492609215046,-1.5702997594136736,0.231760849309145,0.20798282820122901
5,5,Persistence,2022-09-27,-1.2644618656681177,-1.6055518993847846,0.28239121966954994,0.200778714677609
5,5,Persistence,2022-09-28,-1.2688534042115454,-1.6175920537504298,0.281153806805876,0.198375802703275
5,5,Persistence,2022-09-29,-1.1420331442996077,-1.7493276455023319,0.3191694441615069,0.17389082042988
5,5,Persistence,2022-09-30,-1.1215567845607102,-1.7493432592679095,0.325772242453497,0.17388810536057
5,5,Persistence,2022-10-10,-1.1400401379446397,-1.4620492609215046,0.319806185195731,0.231760849309145
5,5,Persistence,2022-10-11,-1.3299695186580252,-1.2644618656681175,0.264485323044536,0.28239121966955
5,5,Persistence,2022-10-12,-1.3596140060642772,-1.2688534042115418,0.256759865579572,0.281153806805877
5,5,Persistence,2022-10-13,-1.264921171028484,-1.1420331442996075,0.28226154565090095,0.319169444161507
5,5,Persistence,2022-10-14,-1.230223001550704,-1.1215567845607102,0.2922274032500469,0.325772242453497
5,5,Persistence,2022-10-17,-1.4097888445748543,-1.1400401379446397,0.24419484077533202,0.319806185195731
5,5,Persistence,2022-10-18,-1.3247754873142392,-1.3299695186580214,0.265862641924681,0.264485323044537
5,5,Persistence,2022-10-19,-1.2875635429608605,-1.3596140060642732,0.27594228623897993,0.256759865579573
5,5,Persistence,2022-10-20,-1.3268631555016444,-1.2649211710284805,0.265308187904301,0.282261545650902
5,5,Persistence,2022-10-21,-1.1241455859232925,-1.2302230015507005,0.32492997353220704,0.292227403250048
5,5,Persistence,2022-10-24,-0.9562757226742776,-1.4097888445748545,0.384321543976511,0.24419484077533196
5,5,Persistence,2022-10-25,-0.8102865916233967,-1.3247754873142392,0.444730591894971,0.265862641924681
5,5,Persistence,2022-10-26,-0.8242321714445876,-1.2875635429608567,0.438571611022277,0.275942286238981
5,5,Persistence,2022-10-27,-0.9370592472560456,-1.3268631555016444,0.391778265974132,0.265308187904301
5,5,Persistence,2022-10-28,-0.799238010418157,-1.1241455859232896,0.449671478586355,0.324929973532208
5,5,Persistence,2022-10-31,-0.9187683804308788,-0.9562757226742776,0.399010167312436,0.384321543976511
5,5,Persistence,2022-11-01,-0.9961065805837056,-0.8102865916233967,0.369314542042496,0.444730591894971
5,5,Persistence,2022-11-02,-0.9825025538666858,-0.8242321714445876,0.374373036874645,0.438571611022277
5,5,Persistence,2022-11-03,-0.954171415060662,-0.9370592472560456,0.385131126233888,0.391778265974132
5,5,Persistence,2022-11-04,-0.8889281562550767,-0.799238010418157,0.41109614752728,0.449671478586355
5,5,Persistence,2022-11-07,-0.8880842519581172,-0.9187683804308787,0.411443219759918,0.399010167312436
5,5,Persistence,2022-11-08,-0.9900020976001752,-0.9961065805837029,0.37157591160353093,0.369314542042497
5,5,Persistence,2022-11-09,-0.9300213815461188,-0.9825025538666858,0.394545274293435,0.374373036874645
5,5,Persistence,2022-11-10,-0.9586085351802826,-0.954171415060662,0.383426038801344,0.385131126233888
5,5,Persistence,2022-11-11,-1.509717964558239,-0.8889281562550767,0.22097229118945802,0.41109614752728
5,5,Persistence,2022-11-14,-1.457810036623451,-0.8880842519581172,0.23274542096844497,0.411443219759918
5,5,Persistence,2022-11-15,-1.2253812969844036,-0.9900020976001751,0.293645712749873,0.371575911603531
5,5,Persistence,2022-11-16,-1.3290641529400544,-0.9300213815461188,0.264724887419249,0.394545274293435
5,5,Persistence,2022-11-17,-1.353308129103914,-0.9586085351802826,0.258384077357988,0.383426038801344
5,5,Persistence,2022-11-18,-1.0960266199055133,-1.5097179645582346,0.334196338162365,0.220972291189459
5,5,Persistence,2022-11-21,-1.1198282209065311,-1.4578100366234465,0.3263358474845941,0.23274542096844603
5,5,Persistence,2022-11-22,-1.2221330670904744,-1.2253812969844,0.294601092338504,0.29364571274987405
5,5,Persistence,2022-11-23,-1.252700309921713,-1.3290641529400506,0.28573218872478406,0.26472488741925
5,5,Persistence,2022-11-24,-1.249581144338072,-1.353308129103914,0.286624826152244,0.258384077357988
5,5,Persistence,2022-11-25,-1.4273276814379483,-1.0960266199055104,0.23994928716718106,0.33419633816236594
5,5,Persistence,2022-11-28,-1.4292193448404606,-1.1198282209065313,0.23949581292772498,0.326335847484594
5,5,Persistence,2022-11-29,-1.6364174781782708,-1.2221330670904744,0.19467622632803597,0.294601092338504
5,5,Persistence,2022-11-30,-1.4348902516099935,-1.2527003099217133,0.23814149822659106,0.285732188724784
5,5,Persistence,2022-12-01,-1.1114500394842148,-1.249581144338072,0.329081433869576,0.286624826152244
5,5,Persistence,2022-12-02,-1.0664754461663253,-1.4273276814379485,0.344219602417172,0.239949287167181
5,5,Persistence,2022-12-05,-1.0229735394565558,-1.4292193448404606,0.359524289490549,0.23949581292772498
5,5,Persistence,2022-12-06,-1.0123500490011452,-1.6364174781782708,0.363364052076597,0.19467622632803597
5,5,Persistence,2022-12-07,-1.0900531869987131,-1.4348902516099895,0.336198611836061,0.23814149822659203
5,5,Persistence,2022-12-08,-1.1736476198740566,-1.1114500394842117,0.309236902870471,0.329081433869577
5,5,Persistence,2022-12-09,-1.4538047230913769,-1.0664754461663253,0.233679508761055,0.344219602417172
5,5,Persistence,2022-12-12,-1.1413717931304064,-1.0229735394565558,0.319380597061989,0.359524289490549
5,5,Persistence,2022-12-13,-1.1093038012176124,-1.0123500490011426,0.329788479508571,0.363364052076598
5,5,Persistence,2022-12-14,-0.9350184074019492,-1.0900531869987131,0.392578639112202,0.336198611836061
5,5,Persistence,2022-12-15,-1.0230518740825778,-1.1736476198740533,0.359496127392834,0.30923690287047206
5,5,Persistence,2022-12-16,-1.030015308011155,-1.4538047230913727,0.35700149554444205,0.23367950876105598
5,5,Persistence,2022-12-19,-1.3324017852771073,-1.1413717931304064,0.263842805925285,0.319380597061989
5,5,Persistence,2022-12-20,-1.3688429437097556,-1.1093038012176124,0.254401145770932,0.329788479508571
5,5,Persistence,2022-12-21,-1.9717456000383544,-0.9350184074019492,0.13921363266876993,0.392578639112202
5,5,Persistence,2022-12-22,-2.06795500020845,-1.0230518740825778,0.126444095638269,0.359496127392834
5,5,Persistence,2022-12-23,-1.68810721466186,-1.0300153080111523,0.18486911058442096,0.357001495544443
5,5,Persistence,2022-12-26,-1.578151121767828,-1.3324017852771073,0.20635627334495102,0.263842805925285
5,5,Persistence,2022-12-27,-1.6135656309079651,-1.3688429437097556,0.199176157769347,0.254401145770932
5,5,Persistence,2022-12-28,-1.5773901255183034,-1.9717456000383469,0.20651336946222904,0.139213632668771
5,5,Persistence,2022-12-29,-1.478312486613547,-2.067955000208442,0.228022154334704,0.12644409563827
5,5,Persistence,2022-12-30,-1.1368178519739502,-1.6881072146618599,0.320838354258477,0.18486911058442101
5,5,Multi-scale Linear,2022-06-13,-0.1818910378833322,-0.9871637053547362,0.833692176330991,0.3726320880019802
5,5,Multi-scale Linear,2022-06-14,-0.1814852612579688,-1.0069498855766654,0.834030537773834,0.3653315850588231
5,5,Multi-scale Linear,2022-06-15,-0.1327612125147049,-0.9818387468962662,0.875674167177841,0.3746216308061235
5,5,Multi-scale Linear,2022-06-16,-0.0425638903016463,-0.981514001843851,0.9583292356210291,0.37474330708307063
5,5,Multi-scale Linear,2022-06-17,-0.1207585287688467,-0.9001655654372267,0.886247937137613,0.4065023514292398
5,5,Multi-scale Linear,2022-06-20,-0.3977307303867664,-0.7221101711145292,0.671842910188413,0.48572620835825253
5,5,Multi-scale Linear,2022-06-21,-0.3048876169798901,-0.7295402139801441,0.737206219197723,0.4821306160530441
5,5,Multi-scale Linear,2022-06-22,-0.4608038211653416,-0.709657199380658,0.630776410241866,0.4918127622867633
5,5,Multi-scale Linear,2022-06-23,-0.6761152330377981,-0.6359143541276746,0.508588909058515,0.5294511610734747
5,5,Multi-scale Linear,2022-06-24,-0.4540819303619879,-0.6864323631586311,0.635030702819166,0.5033687061664911
5,5,Multi-scale Linear,2022-06-27,-0.535946385458783,-0.6827095599970638,0.58511528343824,0.5052461412695887
5,5,Multi-scale Linear,2022-06-28,-0.6030699591662416,-0.64195806593232,0.547129390315398,0.5262609608771566
5,5,Multi-scale Linear,2022-06-29,-0.6039147223584377,-0.6644507857405106,0.546667390712695,0.5145560516373104
5,5,Multi-scale Linear,2022-06-30,-0.6112313173346546,-0.7218263225754218,0.542682243460241,0.4858641006022314
5,5,Multi-scale Linear,2022-07-01,-1.0074264139208098,-0.670342976019149,0.36515753567655695,0.5115331041089206
5,5,Multi-scale Linear,2022-07-04,-1.270372448237664,-0.6943510264565887,0.280727046011507,0.49939843921756877
5,5,Multi-scale Linear,2022-07-05,-0.9827122401439954,-0.7155775172412404,0.374294544215922,0.4889096764809724
5,5,Multi-scale Linear,2022-07-06,-0.806931490293118,-0.7200156722197464,0.446225213997713,0.48674462753143155
5,5,Multi-scale Linear,2022-07-07,-0.565162911840185,-0.7112034239610309,0.56826756170195,0.4910528969174215
5,5,Multi-scale Linear,2022-07-08,-0.2477836518338496,-0.7586096040397113,0.780528790984987,0.46831712077695214
5,5,Multi-scale Linear,2022-07-11,-0.1619649239344791,-0.7761152184922249,0.850471035194813,0.4601902820079635
5,5,Multi-scale Linear,2022-07-12,-0.2007292383705552,-0.7569701196941002,0.818133920840617,0.46908554910623385
5,5,Multi-scale Linear,2022-07-13,-0.2407739249403899,-0.7158787880383239,0.786019305664545,0.4887624044585308
5,5,Multi-scale Linear,2022-07-14,-0.352311975878101,-0.6709622203382093,0.703060749763935,0.5112164381970926
5,5,Multi-scale Linear,2022-07-15,-0.649532848236492,-0.5862426175773208,0.522289708338359,0.5564140222109046
5,5,Multi-scale Linear,2022-07-18,-0.727392657984001,-0.5285028384148831,0.483167131137198,0.5894868664340084
5,5,Multi-scale Linear,2022-07-19,-0.5866160024531811,-0.5693751279649629,0.55620630441205,0.5658789301632455
5,5,Multi-scale Linear,2022-07-20,-0.5995445739768512,-0.647440726396856,0.549061636118848,0.5233835458655057
5,5,Multi-scale Linear,2022-07-21,-0.3486685366818537,-0.665027807975865,0.705626980971835,0.5142592269996232
5,5,Multi-scale Linear,2022-07-22,-0.4062205398436571,-0.7010233750097007,0.666163235687482,0.4960773707486458
5,5,Multi-scale Linear,2022-07-25,-0.5218444084767364,-0.7092661483203703,0.593425019843174,0.49200512379805367
5,5,Multi-scale Linear,2022-07-26,-0.691657923094155,-0.6390429103145685,0.500745183480198,0.5277973317657509
5,5,Multi-scale Linear,2022-07-27,-0.6317418707388437,-0.6606628171454926,0.531664902436084,0.5165088700737092
5,5,Multi-scale Linear,2022-07-28,-0.9349924995123864,-0.5535396134518044,0.392588810127983,0.5749112410727326
5,5,Multi-scale Linear,2022-07-29,-0.6661466803111944,-0.5798933364732117,0.513684158351539,0.5599580904849483
5,5,Multi-scale Linear,2022-08-01,-0.6334624073426799,-0.6474595076742501,0.530750939988853,0.5233737161462549
5,5,Multi-scale Linear,2022-08-02,-0.6549850615169592,-0.7050399149984325,0.51944982232145,0.4940888523067781
5,5,Multi-scale Linear,2022-08-03,-0.7205322232104384,-0.7139457909146013,0.486493264038486,0.48970809449412983
5,5,Multi-scale Linear,2022-08-04,-0.840987699184667,-0.7790022118407965,0.431284333805296,0.45886363166153155
5,5,Multi-scale Linear,2022-08-05,-1.2899317872206846,-0.7029762877218051,0.275289560715361,0.49510952031643407
5,5,Multi-scale Linear,2022-08-08,-1.1151583483774798,-0.6893525521688798,0.327863358158115,0.5019009185543147
5,5,Multi-scale Linear,2022-08-09,-1.1300948569702265,-0.7071861075639952,0.32300261591952195,0.4930295795934378
5,5,Multi-scale Linear,2022-08-10,-0.7128705734656218,-0.7129243184217288,0.490234920357662,0.49020857341139934
5,5,Multi-scale Linear,2022-08-11,-0.76149808606394,-0.7251983548726468,0.466966346974036,0.48422851034432934
5,5,Multi-scale Linear,2022-08-12,-0.7790166625575051,-0.8122870973269354,0.458857000801093,0.4438417951272639
5,5,Multi-scale Linear,2022-08-15,-0.8296135462591211,-0.822534977532257,0.436217831764853,0.4393165840936833
5,5,Multi-scale Linear,2022-08-16,-0.8164960982578078,-0.8682495967676501,0.44197759056991,0.41968552558351224
5,5,Multi-scale Linear,2022-08-17,-1.3210667993809324,-0.8173736794398873,0.266850474145172,0.4415898894979898
5,5,Multi-scale Linear,2022-08-18,-1.269634670346082,-0.8428882731630993,0.28093423664055805,0.4304654244685523
5,5,Multi-scale Linear,2022-08-19,-0.9139856632816068,-0.8467821597642199,0.40092309092224104,0.4287925001226048
5,5,Multi-scale Linear,2022-08-22,-0.8807978901100556,-0.843438891126921,0.41445209249476,0.43022846771534495
5,5,Multi-scale Linear,2022-08-23,-0.6813458594892017,-0.8491045070729123,0.505935615700499,0.4277978504220219
5,5,Multi-scale Linear,2022-08-24,-0.7035328252031846,-0.8960656385359245,0.494834049972886,0.4081724025597061
5,5,Multi-scale Linear,2022-08-25,-0.7059275291651075,-0.9096456051728582,0.493650486620452,0.40266690181707365
5,5,Multi-scale Linear,2022-08-26,-0.8970654111959758,-0.8439637621147981,0.407764526876492,0.4300027125258398
5,5,Multi-scale Linear,2022-08-29,-0.8319221834085735,-0.8727194281685187,0.43521192465722,0.4178137883340816
5,5,Multi-scale Linear,2022-08-30,-1.2416431988333172,-0.8501805477657713,0.288909092599362,0.427337770103615
5,5,Multi-scale Linear,2022-08-31,-1.168214457513196,-0.8591126754284457,0.3109216096702509,0.4235377310676754
5,5,Multi-scale Linear,2022-09-01,-0.9232068916490032,-0.8635398916242139,0.397243080726514,0.4216667825678431
5,5,Multi-scale Linear,2022-09-02,-0.8816456863957033,-0.9117344084611226,0.414100870453572,0.4018266876949882
5,5,Multi-scale Linear,2022-09-05,-1.094015464394967,-0.8947061785793983,0.334869135292518,0.4087276739454342
5,5,Multi-scale Linear,2022-09-06,-1.0674504925291612,-0.9431478382585563,0.34388413592009,0.38940013542769003
5,5,Multi-scale Linear,2022-09-07,-1.1294332254067083,-0.9411619441782271,0.32321639535912705,0.39017421121337714
5,5,Multi-scale Linear,2022-09-08,-1.622136816983912,-0.8857720839567339,0.197476277262111,0.412395646267765
5,5,Multi-scale Linear,2022-09-09,-1.8025840609258093,-0.8648927218067193,0.16487229722938604,0.42109672470011095
5,5,Multi-scale Linear,2022-09-13,-1.7482895439805268,-0.8953576035611791,0.174071430484763,0.4084615052317682
5,5,Multi-scale Linear,2022-09-14,-1.7541875994920324,-0.8965776029520838,0.173047769297562,0.40796348629734663
5,5,Multi-scale Linear,2022-09-15,-1.492532675520058,-0.9096556676304152,0.224802581942311,0.4026628500188501
5,5,Multi-scale Linear,2022-09-16,-1.5489274451842785,-0.9626576899592421,0.21247574353911397,0.3818766264461439
5,5,Multi-scale Linear,2022-09-19,-1.5702997594136785,-1.0120768862720189,0.207982828201228,0.36346332315069013
5,5,Multi-scale Linear,2022-09-20,-1.6055518993847897,-1.02123845307718,0.20077871467760797,0.36014863667981645
5,5,Multi-scale Linear,2022-09-21,-1.6175920537504298,-1.046027895536021,0.198375802703275,0.35133050265660865
5,5,Multi-scale Linear,2022-09-22,-1.749327645502332,-1.02308506688055,0.17389082042987997,0.35948419490854305
5,5,Multi-scale Linear,2022-09-23,-1.7493432592679097,-1.0322854340986516,0.17388810536056995,0.3561919763391173
5,5,Multi-scale Linear,2022-09-26,-1.4620492609215046,-1.0571278555754535,0.231760849309145,0.34745231181711433
5,5,Multi-scale Linear,2022-09-27,-1.2644618656681177,-1.0526221560629057,0.28239121966954994,0.3490213597037726
5,5,Multi-scale Linear,2022-09-28,-1.2688534042115454,-1.0955345648434833,0.281153806805876,0.3343608216264115
5,5,Multi-scale Linear,2022-09-29,-1.1420331442996077,-1.1287993370886453,0.3191694441615069,0.3234213434065756
5,5,Multi-scale Linear,2022-09-30,-1.1215567845607102,-1.162170021085497,0.325772242453497,0.31280664682835113
5,5,Multi-scale Linear,2022-10-10,-1.1400401379446397,-1.1204978331720352,0.319806185195731,0.3261174021434468
5,5,Multi-scale Linear,2022-10-11,-1.3299695186580252,-1.1170822900694954,0.264485323044536,0.32723317458668183
5,5,Multi-scale Linear,2022-10-12,-1.3596140060642772,-1.1214209090022873,0.256759865579572,0.3258165099462261
5,5,Multi-scale Linear,2022-10-13,-1.264921171028484,-1.133933130587491,0.28226154565090095,0.32176521975220734
5,5,Multi-scale Linear,2022-10-14,-1.230223001550704,-1.128178936594372,0.2922274032500469,0.32362205642267294
5,5,Multi-scale Linear,2022-10-17,-1.4097888445748543,-1.1411848302966967,0.24419484077533202,0.319440314945786
5,5,Multi-scale Linear,2022-10-18,-1.3247754873142392,-1.168290807544234,0.265862641924681,0.3108978717019111
5,5,Multi-scale Linear,2022-10-19,-1.2875635429608605,-1.1717908302299707,0.27594228623897993,0.30981162415243174
5,5,Multi-scale Linear,2022-10-20,-1.3268631555016444,-1.1528416149596143,0.265308187904301,0.31573828677381477
5,5,Multi-scale Linear,2022-10-21,-1.1241455859232925,-1.1586370027145987,0.32492997353220704,0.31391375301979635
5,5,Multi-scale Linear,2022-10-24,-0.9562757226742776,-1.1724527450103106,0.384321543976511,0.3096066231133778
5,5,Multi-scale Linear,2022-10-25,-0.8102865916233967,-1.1914286815097845,0.444730591894971,0.3037869391017482
5,5,Multi-scale Linear,2022-10-26,-0.8242321714445876,-1.2191547139149177,0.438571611022277,0.2954798263779775
5,5,Multi-scale Linear,2022-10-27,-0.9370592472560456,-1.2119164703123348,0.391778265974132,0.29762634046517716
5,5,Multi-scale Linear,2022-10-28,-0.799238010418157,-1.1929105886017086,0.449671478586355,0.303337088482995
5,5,Multi-scale Linear,2022-10-31,-0.9187683804308788,-1.1712893442209404,0.399010167312436,0.3099670293108786
5,5,Multi-scale Linear,2022-11-01,-0.9961065805837056,-1.1294082204223457,0.369314542042496,0.323224477481085
5,5,Multi-scale Linear,2022-11-02,-0.9825025538666858,-1.1492420640872145,0.374373036874645,0.3168768507295195
5,5,Multi-scale Linear,2022-11-03,-0.954171415060662,-1.1771475291485274,0.385131126233888,0.30815649353629093
5,5,Multi-scale Linear,2022-11-04,-0.8889281562550767,-1.1048571511595835,0.41109614752728,0.33125819871191353
5,5,Multi-scale Linear,2022-11-07,-0.8880842519581172,-1.1501338700623265,0.411443219759918,0.3165943840321294
5,5,Multi-scale Linear,2022-11-08,-0.9900020976001752,-1.1457611262698149,0.37157591160353093,0.3179818013591819
5,5,Multi-scale Linear,2022-11-09,-0.9300213815461188,-1.1458843373078418,0.394545274293435,0.31794262490489816
5,5,Multi-scale Linear,2022-11-10,-0.9586085351802826,-1.163382618275945,0.383426038801344,0.31242756824851353
5,5,Multi-scale Linear,2022-11-11,-1.509717964558239,-1.1146281338111663,0.22097229118945802,0.328037242180218
5,5,Multi-scale Linear,2022-11-14,-1.457810036623451,-1.1273637668440553,0.23274542096844497,0.32388597088653354
5,5,Multi-scale Linear,2022-11-15,-1.2253812969844036,-1.1650930801674282,0.293645712749873,0.3118936295702343
5,5,Multi-scale Linear,2022-11-16,-1.3290641529400544,-1.1600613082540787,0.264724887419249,0.31346696218131614
5,5,Multi-scale Linear,2022-11-17,-1.353308129103914,-1.1548863364442878,0.258384077357988,0.3150933494985666
5,5,Multi-scale Linear,2022-11-18,-1.0960266199055133,-1.2057181459899131,0.334196338162365,0.2994768541677169
5,5,Multi-scale Linear,2022-11-21,-1.1198282209065311,-1.2249971157839161,0.3263358474845941,0.2937585475854387
5,5,Multi-scale Linear,2022-11-22,-1.2221330670904744,-1.2048623809954866,0.294601092338504,0.2997332456659421
5,5,Multi-scale Linear,2022-11-23,-1.252700309921713,-1.21636492554684,0.28573218872478406,0.2963053034784298
5,5,Multi-scale Linear,2022-11-24,-1.249581144338072,-1.22971552976262,0.286624826152244,0.2923757380475805
5,5,Multi-scale Linear,2022-11-25,-1.4273276814379483,-1.1935656069939986,0.23994928716718106,0.3031384621700207
5,5,Multi-scale Linear,2022-11-28,-1.4292193448404606,-1.2050140102394837,0.23949581292772498,0.29968780078597446
5,5,Multi-scale Linear,2022-11-29,-1.6364174781782708,-1.205558408097072,0.19467622632803597,0.2995246957903146
5,5,Multi-scale Linear,2022-11-30,-1.4348902516099935,-1.2334217557535543,0.23814149822659106,0.2912941330624508
5,5,Multi-scale Linear,2022-12-01,-1.1114500394842148,-1.2501075122017808,0.329081433869576,0.2864739957544359
5,5,Multi-scale Linear,2022-12-02,-1.0664754461663253,-1.2553320687639995,0.344219602417172,0.2849811991557569
5,5,Multi-scale Linear,2022-12-05,-1.0229735394565558,-1.2526360812272705,0.359524289490549,0.2857505415196078
5,5,Multi-scale Linear,2022-12-06,-1.0123500490011452,-1.3081955029981078,0.363364052076597,0.27030738542714433
5,5,Multi-scale Linear,2022-12-07,-1.0900531869987131,-1.295269727727534,0.336198611836061,0.2738239964454794
5,5,Multi-scale Linear,2022-12-08,-1.1736476198740566,-1.251035866160074,0.309236902870471,0.28620816989586484
5,5,Multi-scale Linear,2022-12-09,-1.4538047230913769,-1.2259143065328684,0.233679508761055,0.29348923848595443
5,5,Multi-scale Linear,2022-12-12,-1.1413717931304064,-1.2263701120757524,0.319380597061989,0.29335549494711444
5,5,Multi-scale Linear,2022-12-13,-1.1093038012176124,-1.2434210385818474,0.329788479508571,0.2883959148399038
5,5,Multi-scale Linear,2022-12-14,-0.9350184074019492,-1.2629179796695247,0.392578639112202,0.2828275362445825
5,5,Multi-scale Linear,2022-12-15,-1.0230518740825778,-1.2567244598532539,0.359496127392834,0.2845846699993438
5,5,Multi-scale Linear,2022-12-16,-1.030015308011155,-1.291437873776212,0.35700149554444205,0.27487526287160924
5,5,Multi-scale Linear,2022-12-19,-1.3324017852771073,-1.2669791456249904,0.263842805925285,0.28168125587599496
5,5,Multi-scale Linear,2022-12-20,-1.3688429437097556,-1.2663501174096516,0.254401145770932,0.2818584970726856
5,5,Multi-scale Linear,2022-12-21,-1.9717456000383544,-1.2248413865250896,0.13921363266876993,0.29380429794857077
5,5,Multi-scale Linear,2022-12-22,-2.06795500020845,-1.2539476805007876,0.126444095638269,0.28537599699679944
5,5,Multi-scale Linear,2022-12-23,-1.68810721466186,-1.247830931507557,0.18486911058442096,0.28712691985777283
5,5,Multi-scale Linear,2022-12-26,-1.578151121767828,-1.2641519506475112,0.20635627334495102,0.2824787505130739
5,5,Multi-scale Linear,2022-12-27,-1.6135656309079651,-1.2761789386350038,0.199176157769347,0.2791017303708995
5,5,Multi-scale Linear,2022-12-28,-1.5773901255183034,-1.3186659941302923,0.20651336946222904,0.2674918998256154
5,5,Multi-scale Linear,2022-12-29,-1.478312486613547,-1.3179151307954935,0.228022154334704,0.2676928251098245
5,5,Multi-scale Linear,2022-12-30,-1.1368178519739502,-1.2934844091788424,0.320838354258477,0.2743132961533679
20,1,Persistence,2020-03-04,-1.0351544365834038,-0.9782682884305437,0.35517152521232004,0.37596159249455
20,1,Persistence,2020-03-05,-0.9797398483809744,-1.0032484695328576,0.37540874934282,0.366686334948832
20,1,Persistence,2020-03-06,-0.9924268819839012,-1.0006714750550458,0.370676011608353,0.367632502219383
20,1,Persistence,2020-03-09,-1.0032458904881256,-1.008438326659774,0.366687280650512,0.364788215006137
20,1,Persistence,2020-03-10,-1.030283682504746,-0.9605424982789086,0.356905698304207,0.382685223576804
20,1,Persistence,2020-03-11,-1.0139751010653515,-0.9567063818652949,0.362774046098768,0.384156068005723
20,1,Persistence,2020-03-12,-1.0235019519640212,-1.0154178833825287,0.359334362543551,0.36225101951740596
20,1,Persistence,2020-03-13,-1.0419919233937351,-1.0205139974271709,0.35275132805527004,0.36040964292681194
20,1,Persistence,2020-03-16,-1.0521067077495787,-1.001559280149428,0.349201308548127,0.36730626105176606
20,1,Persistence,2020-03-17,-1.0627231453160233,-0.9947056205222746,0.34551364422277997,0.369832299560122
20,1,Persistence,2020-03-18,-1.0656040993740403,-1.0051109943923118,0.3445196677750881,0.366004008156923
20,1,Persistence,2020-03-19,-1.0609370402260487,-1.0047380041509366,0.346131319353522,0.366140549542989
20,1,Persistence,2020-03-20,-1.0845346202313917,-0.9830106025374078,0.338059075146424,0.374182885458084
20,1,Persistence,2020-03-23,-1.1862791591598618,-0.9264309787011356,0.305355331504303,0.395964396855083
20,1,Persistence,2020-03-24,-1.1826571714994043,-0.9222938766949065,0.30646333011441307,0.397605935220212
20,1,Persistence,2020-03-25,-1.2812416325811085,-0.8699268770824647,0.27769229451182,0.418982185327312
20,1,Persistence,2020-03-26,-1.28152035825995,-0.8694220948660775,0.2776149053242011,0.419193733471827
20,1,Persistence,2020-03-27,-1.277629391748576,-0.9220993175596454,0.27869719984428204,0.397683300612971
20,1,Persistence,2020-03-30,-1.3001293507692562,-0.9227119411675462,0.272496543116788,0.39743974504611
20,1,Persistence,2020-03-31,-1.3051615165331736,-0.9463117158838755,0.271128739734776,0.388170067969462
20,1,Persistence,2020-04-01,-1.3336834488680342,-1.04731991605083,0.26350486481687,0.35087686955444003
20,1,Persistence,2020-04-02,-1.4613283490692572,-0.9998426494770909,0.231927988691441,0.367937331748315
20,1,Persistence,2020-04-03,-1.4456856417578507,-1.0122490352501543,0.235584494601525,0.363400758696378
20,1,Persistence,2020-04-07,-1.418447127935813,-1.014941418658402,0.242089659428309,0.36242366047488195
20,1,Persistence,2020-04-08,-1.488681786805505,-1.0116055778888817,0.22566994064717597,0.36363466683654
20,1,Persistence,2020-04-09,-1.5357398024502968,-0.9995426406597134,0.21529635546722298,0.368047732751891
20,1,Persistence,2020-04-10,-1.518977838599145,-1.0522285562864355,0.218935560096518,0.349158761471814
20,1,Persistence,2020-04-13,-1.5222367457588308,-1.0594591234406785,0.21822323077022,0.346643250843226
20,1,Persistence,2020-04-14,-1.441025555117093,-1.054871326689358,0.23668490076020196,0.348237233261163
20,1,Persistence,2020-04-15,-1.3219595242732165,-1.074439008654045,0.26661235638702396,0.341489274103284
20,1,Persistence,2020-04-16,-1.2577786279213077,-1.0997266569752546,0.284284827997272,0.33296208412354705
20,1,Persistence,2020-04-17,-1.2587711816767966,-1.1052462301877817,0.284002800010737,0.33112933816397006
20,1,Persistence,2020-04-20,-1.2260168175800703,-1.0993498498771668,0.2934591541387901,0.333087570240784
20,1,Persistence,2020-04-21,-1.2890499686967467,-1.056850735449844,0.275532423214034,0.34754861118803904
20,1,Persistence,2020-04-22,-1.3128010918903406,-1.070263329398295,0.269065323144952,0.34291820508367304
20,1,Persistence,2020-04-23,-1.2434692735019337,-1.1997991660135339,0.2883820044214849,0.301254708021115
20,1,Persistence,2020-04-24,-1.2361723504764608,-1.21628969985347,0.290494001880007,0.296327594088736
20,1,Persistence,2020-04-27,-1.2382705208718403,-1.3219640297852124,0.28988513494188806,0.26661115516456
20,1,Persistence,2020-04-28,-1.049181734431937,-1.3110671909479368,0.350224208306083,0.26953226045685996
20,1,Persistence,2020-04-29,-1.049304140201113,-1.3124728692519128,0.350181341466109,0.269153650970027
20,1,Persistence,2020-04-30,-1.0780212522264083,-1.3007258560761106,0.34026816480738,0.272334045952748
20,1,Persistence,2020-05-06,-1.0776770827346134,-1.3054717818810364,0.34038529488387903,0.271044630930725
20,1,Persistence,2020-05-07,-1.0684403914776348,-1.3453327048406278,0.34354389380598505,0.260453039456293
20,1,Persistence,2020-05-08,-1.0741442204016414,-1.4366634051953608,0.34158995596879793,0.23771961092121696
20,1,Persistence,2020-05-11,-0.962333815177917,-1.4629385756424282,0.38200032668564,0.231554832594547
20,1,Persistence,2020-05-12,-0.95618733131421,-1.4469325148092047,0.384355516181889,0.23529093369851203
20,1,Persistence,2020-05-13,-0.9547174251319236,-1.501020367088897,0.3849208981587541,0.22290260159284803
20,1,Persistence,2020-05-14,-0.9551060672264698,-1.5639147619096354,0.384771330760635,0.209315046619807
20,1,Persistence,2020-05-15,-0.9734012664461774,-1.451911075554046,0.377795865934237,0.234122434627726
20,1,Persistence,2020-05-18,-1.0119519536229828,-1.3432884830601184,0.363508734423095,0.260986007799498
20,1,Persistence,2020-05-19,-1.0215147786707244,-1.3053806969702249,0.36004913214248,0.271069320131149
20,1,Persistence,2020-05-20,-1.008711443953239,-1.2988490837085565,0.364688598640262,0.272845634882757
20,1,Persistence,2020-05-21,-1.0378832314719006,-1.2546004011094,0.354203656128474,0.285189786980525
20,1,Persistence,2020-05-22,-1.0400550422118264,-1.257325417170703,0.353435227566716,0.284413698138015
20,1,Persistence,2020-05-25,-1.0244179866386678,-1.2659168327133337,0.359005350523885,0.281980648507257
20,1,Persistence,2020-05-26,-1.0773811180815265,-1.2530067882110447,0.3404860518091039,0.285644631430267
20,1,Persistence,2020-05-27,-1.065473720868176,-1.2682452195344804,0.344564588662909,0.281324852251411
20,1,Persistence,2020-05-28,-0.9640936288832184,-1.2795602262872203,0.38132866844533797,0.278159600839382
20,1,Persistence,2020-05-29,-1.1199508866495995,-1.085382384794449,0.326295819710441,0.3377726020903051
20,1,Persistence,2020-06-01,-1.119307975814982,-1.0888063076765897,0.326505666277311,0.3366180723872849
20,1,Persistence,2020-06-02,-1.1200882507434775,-1.094991672713848,0.32625100145911007,0.334542392767243
20,1,Persistence,2020-06-03,-1.113672633665025,-1.0947781183000875,0.32835083160657397,0.33461384340083594
20,1,Persistence,2020-06-04,-1.147121203983854,-1.0945999679222764,0.31754961536757287,0.33467346029368694
20,1,Persistence,2020-06-05,-1.1271808682635085,-1.0871567853891142,0.323945214588497,0.33717378960802
20,1,Persistence,2020-06-08,-1.2348592492055306,-0.9982070448658809,0.290875700472682,0.368539624166616
20,1,Persistence,2020-06-09,-1.257779126223508,-0.9961492018651252,0.28428468633755194,0.369298801718906
20,1,Persistence,2020-06-10,-1.2710094287760174,-0.9899501544304931,0.280548285286204,0.371595212935439
20,1,Persistence,2020-06-11,-1.116548647505082,-0.996580135865288,0.3274078467392319,0.369139692594254
20,1,Persistence,2020-06-12,-1.1418337188862229,-0.9795248301839138,0.319233101007034,0.37548947773399
20,1,Persistence,2020-06-15,-1.16405978290842,-0.9656917181108375,0.312216074965053,0.380719757884408
20,1,Persistence,2020-06-16,-1.191648899476735,-0.9816231945148728,0.303720047125311,0.374702390094381
20,1,Persistence,2020-06-17,-1.2162028089245536,-1.0173041783751355,0.296353343387324,0.36156835129246806
20,1,Persistence,2020-06-18,-1.2079368379895838,-1.0522066413052147,0.298813143823968,0.34916641336336
20,1,Persistence,2020-06-19,-1.153004256116836,-1.0554599630269652,0.3156869389092259,0.34803230849055794
20,1,Persistence,2020-06-22,-1.1764921430867168,-1.0668779796286187,0.308358521202838,0.34408107039258007
20,1,Persistence,2020-06-23,-1.1764251030165378,-1.0686710303954046,0.30837919427269406,0.34346466835069905
20,1,Persistence,2020-06-24,-1.1680647180973318,-1.0549067124397955,0.310968170376362,0.34822491084335405
20,1,Persistence,2020-06-29,-1.3109474793320572,-1.0051022217280003,0.269564528530684,0.366007219001307
20,1,Persistence,2020-06-30,-1.3185091792662027,-1.0043422412114833,0.267533849820637,0.366285483080899
20,1,Persistence,2020-07-01,-1.2636646191198644,-1.0055841222960178,0.282616444862763,0.365830882406337
20,1,Persistence,2020-07-02,-1.2651791421199414,-1.165617656359785,0.282188739723209,0.311730060503584
20,1,Persistence,2020-07-03,-1.2643583250738966,-1.1588476887977852,0.282420460137999,0.31384762272732497
20,1,Persistence,2020-07-06,-1.2107765975555231,-1.1592542742736618,0.297965790050296,0.31372004278012
20,1,Persistence,2020-07-07,-1.2179947694789235,-1.1328499251919533,0.29582276541519603,0.32211394641154106
20,1,Persistence,2020-07-08,-1.2730817744108511,-1.1247813159504776,0.279967494279541,0.324723471438046
20,1,Persistence,2020-07-09,-1.2272395525811253,-1.132759178041285,0.293100550642846,0.32214317866072
20,1,Persistence,2020-07-10,-1.2101707041375709,-1.2821261126152281,0.29814638026494894,0.277446789809704
20,1,Persistence,2020-07-13,-1.396882345246754,-1.154222664430507,0.24736696781780904,0.315302537544805
20,1,Persistence,2020-07-14,-1.390442011191051,-1.1566058708254816,0.248965234887428,0.314552001217697
20,1,Persistence,2020-07-15,-1.390438482171752,-1.1564454261450112,0.24896611349209702,0.314602473461917
20,1,Persistence,2020-07-16,-1.4014389086330683,-1.1795381857308673,0.24624238860323797,0.307420677079303
20,1,Persistence,2020-07-17,-1.3785956988916914,-1.2014964012927551,0.251932093281007,0.300743841555558
20,1,Persistence,2020-07-20,-1.3877214828808249,-1.231148528263545,0.24964347402326698,0.291957064104463
20,1,Persistence,2020-07-21,-1.3592812590387071,-1.1994498588007343,0.25684531587700704,0.301359956844533
20,1,Persistence,2020-07-22,-1.3546877290086494,-1.1996696129666655,0.258027856487119,0.30129373901466
20,1,Persistence,2020-07-23,-1.3463391735978756,-1.1992174911030424,0.260191033481881,0.30142999130043896
20,1,Persistence,2020-07-24,-1.3854095215003313,-1.192968486229544,0.250221307801406,0.303319526493541
20,1,Persistence,2020-07-27,-1.399193242766121,-1.1788966261581555,0.24679598809741302,0.30761796903803806
20,1,Persistence,2020-07-28,-1.351130920004729,-1.1967964423448232,0.25894724636818,0.302160652132421
20,1,Persistence,2020-07-29,-1.3837437800071857,-1.3001528767754351,0.25063845915298194,0.27249013243684
20,1,Persistence,2020-07-30,-1.3557346131543362,-1.3101775505160544,0.257757872560621,0.269772153947111
20,1,Persistence,2020-07-31,-1.323482820952827,-1.3011960701119365,0.266206535840815,0.272206020763887
20,1,Persistence,2020-08-03,-1.3755675585735323,-1.248271474733666,0.252696135239407,0.287000455896662
20,1,Persistence,2020-08-04,-1.4127497481340192,-1.2307905516365758,0.24347287276842597,0.29206159661847303
20,1,Persistence,2020-08-05,-1.403962087354761,-1.2323707295347395,0.245621858231664,0.29160045177999
20,1,Persistence,2020-08-06,-1.4693125947156114,-1.223956369407172,0.23008359151559402,0.294064434877411
20,1,Persistence,2020-08-07,-1.4891224729837105,-1.2574562645592446,0.225570512933315,0.2843764857829709
20,1,Persistence,2020-08-10,-1.4965872625567975,-1.2531307445162188,0.22389294565367102,0.28560922617156
20,1,Persistence,2020-08-11,-1.5111913270744843,-1.2400214009886599,0.220646958623747,0.289378024896953
20,1,Persistence,2020-08-12,-1.4454251365659123,-1.4247512550451524,0.23564587357993305,0.24056829591639697
20,1,Persistence,2020-08-13,-1.4503389536234277,-1.4324815189014848,0.23449079311801593,0.23871580884533
20,1,Persistence,2020-08-14,-1.4388209033183923,-1.4106416743877248,0.23720728417757203,0.24398667291346604
20,1,Persistence,2020-08-17,-1.421512761105962,-1.4233520174356082,0.241348637768855,0.240905143733816
20,1,Persistence,2020-08-18,-1.4787077875421766,-1.322897509662942,0.227932034778693,0.266362395140338
20,1,Persistence,2020-08-19,-1.3317144837650725,-1.3286907150259946,0.26402420781649305,0.264823764190025
20,1,Persistence,2020-08-20,-1.3357353094840791,-1.391873193586947,0.262964743878555,0.24860917508010696
20,1,Persistence,2020-08-21,-1.317206454945161,-1.3864490472493132,0.26788259978671,0.24996133145846497
20,1,Persistence,2020-08-24,-1.2322956175131097,-1.3779839633729858,0.29162235530202996,0.25208625623944
20,1,Persistence,2020-08-25,-1.2717873008418772,-1.3717187856072672,0.280330139467724,0.253670579297496
20,1,Persistence,2020-08-26,-1.294168961046317,-1.364377711664461,0.274125578732699,0.255539645861286
20,1,Persistence,2020-08-27,-1.3190946510063444,-1.3433257835638555,0.267377262155335,0.260976273071495
20,1,Persistence,2020-08-28,-1.3620552332630966,-1.3597422461837023,0.25613382088174,0.256726940774932
20,1,Persistence,2020-08-31,-1.3753708691908155,-1.34391634470233,0.25274584277457407,0.260822196126961
20,1,Persistence,2020-09-01,-1.358432045681589,-1.3539271739312493,0.257063524989896,0.25822417552974
20,1,Persistence,2020-09-02,-1.2555835850598769,-1.4137210840242982,0.28490953075341396,0.243236493649143
20,1,Persistence,2020-09-03,-1.2079132813486937,-1.449809294335006,0.298820182940799,0.23461502624235
20,1,Persistence,2020-09-04,-1.2107905220724575,-1.4423618833323328,0.297961641049493,0.236368823287854
20,1,Persistence,2020-09-07,-1.1959975593572223,-1.5075037778128377,0.30240213958419704,0.221462107179632
20,1,Persistence,2020-09-08,-1.1793581493277787,-1.526801839347739,0.30747602897476795,0.21722929173698102
20,1,Persistence,2020-09-09,-1.2035214194300117,-1.4713200477495656,0.3001354460356249,0.229622172804893
20,1,Persistence,2020-09-10,-1.2037141623092462,-1.4916683000195194,0.30007760264022604,0.22499697979086497
20,1,Persistence,2020-09-11,-1.224719376581084,-1.4563174714393456,0.293840147181449,0.233093068058975
20,1,Persistence,2020-09-14,-1.2307647680360652,-1.4423991022327451,0.292069127115086,0.236360026063872
20,1,Persistence,2020-09-15,-1.2712258685068734,-1.4027284062963556,0.280487570061675,0.24592506425700397
20,1,Persistence,2020-09-16,-1.4021572734092755,-1.2829693827366115,0.24606556026608503,0.277212925840691
20,1,Persistence,2020-09-17,-1.3320410247074388,-1.3690102863308207,0.26393800717765,0.254358577178266
20,1,Persistence,2020-09-18,-1.3375127326143463,-1.3500988755941261,0.262497759397792,0.259214629378273
20,1,Persistence,2020-09-21,-1.4467757005921522,-1.267164276767575,0.23532783355519496,0.281629112730059
20,1,Multi-scale Linear,2020-03-04,-1.0351544365834038,-1.2331306088088128,0.35517152521232004,0.2913789548065097
20,1,Multi-scale Linear,2020-03-05,-0.9797398483809744,-1.2815715154186373,0.37540874934282,0.27760070369769596
20,1,Multi-scale Linear,2020-03-06,-0.9924268819839012,-1.2860318890448292,0.370676011608353,0.2763652581629086
20,1,Multi-scale Linear,2020-03-09,-1.0032458904881256,-1.2559613071605318,0.366687280650512,0.2848019344489915
20,1,Multi-scale Linear,2020-03-10,-1.030283682504746,-1.2623516511817963,0.356905698304207,0.2829877548993839
20,1,Multi-scale Linear,2020-03-11,-1.0139751010653515,-1.2801753012764452,0.362774046098768,0.2779885644313935
20,1,Multi-scale Linear,2020-03-12,-1.0235019519640212,-1.2647683217154035,0.359334362543551,0.2823046924316566
20,1,Multi-scale Linear,2020-03-13,-1.0419919233937351,-1.2242291626261501,0.35275132805527004,0.2939842270342091
20,1,Multi-scale Linear,2020-03-16,-1.0521067077495787,-1.220905862014828,0.349201308548127,0.2949628502244681
20,1,Multi-scale Linear,2020-03-17,-1.0627231453160233,-1.2089888988449102,0.34551364422277997,0.29849893952229795
20,1,Multi-scale Linear,2020-03-18,-1.0656040993740403,-1.1829549836794047,0.3445196677750881,0.3063720751910698
20,1,Multi-scale Linear,2020-03-19,-1.0609370402260487,-1.2089423369753383,0.346131319353522,0.2985128385145664
20,1,Multi-scale Linear,2020-03-20,-1.0845346202313917,-1.2037229034962889,0.338059075146424,0.3000749796172382
20,1,Multi-scale Linear,2020-03-23,-1.1862791591598618,-1.185081766807527,0.305355331504303,0.30572118063175324
20,1,Multi-scale Linear,2020-03-24,-1.1826571714994043,-1.1646638791366162,0.30646333011441307,0.3120275233691724
20,1,Multi-scale Linear,2020-03-25,-1.2812416325811085,-1.1646615788751458,0.27769229451182,0.3120282411148876
20,1,Multi-scale Linear,2020-03-26,-1.28152035825995,-1.1569866289809472,0.2776149053242011,0.3144322557763887
20,1,Multi-scale Linear,2020-03-27,-1.277629391748576,-1.1964778676819616,0.27869719984428204,0.30225692819504696
20,1,Multi-scale Linear,2020-03-30,-1.3001293507692562,-1.1970064301273937,0.272496543116788,0.3020972087485005
20,1,Multi-scale Linear,2020-03-31,-1.3051615165331736,-1.260182753536415,0.271128739734776,0.2836021924598805
20,1,Multi-scale Linear,2020-04-01,-1.3336834488680342,-1.236119587491509,0.26350486481687,0.2905093296150218
20,1,Multi-scale Linear,2020-04-02,-1.4613283490692572,-1.249140117142392,0.231927988691441,0.2867512633746116
20,1,Multi-scale Linear,2020-04-03,-1.4456856417578507,-1.2352992099524398,0.235584494601525,0.2907477547298604
20,1,Multi-scale Linear,2020-04-07,-1.418447127935813,-1.2087194051467436,0.242089659428309,0.29857939394590177
20,1,Multi-scale Linear,2020-04-08,-1.488681786805505,-1.2446933397197955,0.22566994064717597,0.2880292217107815
20,1,Multi-scale Linear,2020-04-09,-1.5357398024502968,-1.2477489526476906,0.21529635546722298,0.2871504591601492
20,1,Multi-scale Linear,2020-04-10,-1.518977838599145,-1.2336670357302058,0.218935560096518,0.29122269320603583
20,1,Multi-scale Linear,2020-04-13,-1.5222367457588308,-1.2536088913581809,0.21822323077022,0.28547269566544714
20,1,Multi-scale Linear,2020-04-14,-1.441025555117093,-1.2459540335404515,0.23668490076020196,0.28766633384411083
20,1,Multi-scale Linear,2020-04-15,-1.3219595242732165,-1.248321186821392,0.26661235638702396,0.28698618885944616
20,1,Multi-scale Linear,2020-04-16,-1.2577786279213077,-1.2933119652994658,0.284284827997272,0.274360603881168
20,1,Multi-scale Linear,2020-04-17,-1.2587711816767966,-1.2777492755683704,0.284002800010737,0.27866379056205487
20,1,Multi-scale Linear,2020-04-20,-1.2260168175800703,-1.2787727195786864,0.2934591541387901,0.27837873966640914
20,1,Multi-scale Linear,2020-04-21,-1.2890499686967467,-1.2446752143540851,0.275532423214034,0.2880344423930735
20,1,Multi-scale Linear,2020-04-22,-1.3128010918903406,-1.2852225177883683,0.269065323144952,0.2765890308045063
20,1,Multi-scale Linear,2020-04-23,-1.2434692735019337,-1.3961191713504855,0.2883820044214849,0.24755582388629113
20,1,Multi-scale Linear,2020-04-24,-1.2361723504764608,-1.3992685081476928,0.290494001880007,0.24677741360221545
20,1,Multi-scale Linear,2020-04-27,-1.2382705208718403,-1.3779155011739654,0.28988513494188806,0.2521035152096717
20,1,Multi-scale Linear,2020-04-28,-1.049181734431937,-1.356214909819502,0.350224208306083,0.25763410203967346
20,1,Multi-scale Linear,2020-04-29,-1.049304140201113,-1.3790306798006557,0.350181341466109,0.25182253146045197
20,1,Multi-scale Linear,2020-04-30,-1.0780212522264083,-1.4024877497779062,0.34026816480738,0.24598425484878272
20,1,Multi-scale Linear,2020-05-06,-1.0776770827346134,-1.3969088278138684,0.34038529488387903,0.24736041699222364
20,1,Multi-scale Linear,2020-05-07,-1.0684403914776348,-1.451092458445342,0.34354389380598505,0.2343141697263524
20,1,Multi-scale Linear,2020-05-08,-1.0741442204016414,-1.378979736685231,0.34158995596879793,0.25183536041150933
20,1,Multi-scale Linear,2020-05-11,-0.962333815177917,-1.2957637945414273,0.38200032668564,0.2736887425109796
20,1,Multi-scale Linear,2020-05-12,-0.95618733131421,-1.261775727111146,0.384355516181889,0.2831507813000377
20,1,Multi-scale Linear,2020-05-13,-0.9547174251319236,-1.2124949981341493,0.3849208981587541,0.29745420514405047
20,1,Multi-scale Linear,2020-05-14,-0.9551060672264698,-1.220981845603496,0.384771330760635,0.2949404387400476
20,1,Multi-scale Linear,2020-05-15,-0.9734012664461774,-1.1988616076083725,0.377795865934237,0.3015372843499216
20,1,Multi-scale Linear,2020-05-18,-1.0119519536229828,-1.1723226895734449,0.363508734423095,0.30964689175652454
20,1,Multi-scale Linear,2020-05-19,-1.0215147786707244,-1.1770791419851259,0.36004913214248,0.3081775682053779
20,1,Multi-scale Linear,2020-05-20,-1.008711443953239,-1.2051623771773432,0.364688598640262,0.2996433403229709
20,1,Multi-scale Linear,2020-05-21,-1.0378832314719006,-1.2057099905391393,0.354203656128474,0.2994792965464183
20,1,Multi-scale Linear,2020-05-22,-1.0400550422118264,-1.2137524736451821,0.353435227566716,0.29708039884082077
20,1,Multi-scale Linear,2020-05-25,-1.0244179866386678,-1.22439383133851,0.359005350523885,0.293935821015677
20,1,Multi-scale Linear,2020-05-26,-1.0773811180815265,-1.2929283998568712,0.3404860518091039,0.27446585931250883
20,1,Multi-scale Linear,2020-05-27,-1.065473720868176,-1.2770483819603617,0.344564588662909,0.27885917269468874
20,1,Multi-scale Linear,2020-05-28,-0.9640936288832184,-1.3314950632846525,0.38132866844533797,0.2640821464912481
20,1,Multi-scale Linear,2020-05-29,-1.1199508866495995,-1.3105518819785549,0.326295819710441,0.2696711886406065
20,1,Multi-scale Linear,2020-06-01,-1.119307975814982,-1.3247868043871929,0.326505666277311,0.26585963315479194
20,1,Multi-scale Linear,2020-06-02,-1.1200882507434775,-1.3227751965508687,0.32625100145911007,0.2663949767463651
20,1,Multi-scale Linear,2020-06-03,-1.113672633665025,-1.2655579697039703,0.32835083160657397,0.28208185909064365
20,1,Multi-scale Linear,2020-06-04,-1.147121203983854,-1.2164266732796778,0.31754961536757287,0.29628700786257445
20,1,Multi-scale Linear,2020-06-05,-1.1271808682635085,-1.1830710372910407,0.323945214588497,0.30633652166833675
20,1,Multi-scale Linear,2020-06-08,-1.2348592492055306,-1.1836490138747786,0.290875700472682,0.30615951748913156
20,1,Multi-scale Linear,2020-06-09,-1.257779126223508,-1.1524712996203883,0.28428468633755194,0.315855231156401
20,1,Multi-scale Linear,2020-06-10,-1.2710094287760174,-1.182414140055775,0.280548285286204,0.3065378193912018
20,1,Multi-scale Linear,2020-06-11,-1.116548647505082,-1.1616444279382474,0.3274078467392319,0.3129710990720386
20,1,Multi-scale Linear,2020-06-12,-1.1418337188862229,-1.113491429896671,0.319233101007034,0.3284103354055967
20,1,Multi-scale Linear,2020-06-15,-1.16405978290842,-1.1027998169052702,0.312216074965053,0.3319404090778947
20,1,Multi-scale Linear,2020-06-16,-1.191648899476735,-1.0877732034961352,0.303720047125311,0.33696601362391126
20,1,Multi-scale Linear,2020-06-17,-1.2162028089245536,-1.0407566974618143,0.296353343387324,0.35318732486504983
20,1,Multi-scale Linear,2020-06-18,-1.2079368379895838,-1.032727444044265,0.298813143823968,0.35603457073301215
20,1,Multi-scale Linear,2020-06-19,-1.153004256116836,-1.0710056698048223,0.3156869389092259,0.3426637375063738
20,1,Multi-scale Linear,2020-06-22,-1.1764921430867168,-1.0145790150007614,0.308358521202838,0.3625550279376403
20,1,Multi-scale Linear,2020-06-23,-1.1764251030165378,-1.044027855369154,0.30837919427269406,0.3520338809316999
20,1,Multi-scale Linear,2020-06-24,-1.1680647180973318,-1.026612129438195,0.310968170376362,0.3582185050603687
20,1,Multi-scale Linear,2020-06-29,-1.3109474793320572,-1.100078941988817,0.269564528530684,0.3328448072298847
20,1,Multi-scale Linear,2020-06-30,-1.3185091792662027,-1.0536049805828571,0.267533849820637,0.348678501465809
20,1,Multi-scale Linear,2020-07-01,-1.2636646191198644,-0.9533878879247016,0.282616444862763,0.38543300517192114
20,1,Multi-scale Linear,2020-07-02,-1.2651791421199414,-0.9637411116444369,0.282188739723209,0.3814631170709434
20,1,Multi-scale Linear,2020-07-03,-1.2643583250738966,-0.9925610598654794,0.282420460137999,0.37062627842298485
20,1,Multi-scale Linear,2020-07-06,-1.2107765975555231,-0.9404123676240012,0.297965790050296,0.39046678629417775
20,1,Multi-scale Linear,2020-07-07,-1.2179947694789235,-0.9347018605064116,0.29582276541519603,0.39270292833231285
20,1,Multi-scale Linear,2020-07-08,-1.2730817744108511,-0.9335035213508467,0.279967494279541,0.39317380170448957
20,1,Multi-scale Linear,2020-07-09,-1.2272395525811253,-0.9266231780456513,0.293100550642846,0.39588830007066617
20,1,Multi-scale Linear,2020-07-10,-1.2101707041375709,-0.87248007349643,0.29814638026494894,0.41791380598575106
20,1,Multi-scale Linear,2020-07-13,-1.396882345246754,-0.8989023849020475,0.24736696781780904,0.4070161617363384
20,1,Multi-scale Linear,2020-07-14,-1.390442011191051,-0.898281138063743,0.248965234887428,0.4072690977996858
20,1,Multi-scale Linear,2020-07-15,-1.390438482171752,-0.9134375038871219,0.24896611349209702,0.4011429209264325
20,1,Multi-scale Linear,2020-07-16,-1.4014389086330683,-0.9247633824612876,0.24624238860323797,0.3966252564647448
20,1,Multi-scale Linear,2020-07-17,-1.3785956988916914,-0.9796643367053186,0.251932093281007,0.37543709815685844
20,1,Multi-scale Linear,2020-07-20,-1.3877214828808249,-0.9754197796872861,0.24964347402326698,0.3770340491037543
20,1,Multi-scale Linear,2020-07-21,-1.3592812590387071,-0.9914049185492473,0.25684531587700704,0.37105502257300677
20,1,Multi-scale Linear,2020-07-22,-1.3546877290086494,-1.0110568832190738,0.258027856487119,0.36383424598899194
20,1,Multi-scale Linear,2020-07-23,-1.3463391735978756,-0.9970932830072776,0.260191033481881,0.36895031820862223
20,1,Multi-scale Linear,2020-07-24,-1.3854095215003313,-1.0351565318913476,0.250221307801406,0.3551707810193815
20,1,Multi-scale Linear,2020-07-27,-1.399193242766121,-1.0389729853773348,0.24679598809741302,0.3538178715541908
20,1,Multi-scale Linear,2020-07-28,-1.351130920004729,-1.0402606982563145,0.25894724636818,0.35336254894948654
20,1,Multi-scale Linear,2020-07-29,-1.3837437800071857,-1.0933733791343272,0.25063845915298194,0.3350842188721413
20,1,Multi-scale Linear,2020-07-30,-1.3557346131543362,-1.1018119049067079,0.257757872560621,0.3322684990261448
20,1,Multi-scale Linear,2020-07-31,-1.323482820952827,-1.0696787470749167,0.266206535840815,0.34311872760998124
20,1,Multi-scale Linear,2020-08-03,-1.3755675585735323,-1.05941255912508,0.252696135239407,0.3466593924247663
20,1,Multi-scale Linear,2020-08-04,-1.4127497481340192,-1.0297289379212144,0.24347287276842597,0.3571037447346861
20,1,Multi-scale Linear,2020-08-05,-1.403962087354761,-1.0142954531798374,0.245621858231664,0.3626578492789619
20,1,Multi-scale Linear,2020-08-06,-1.4693125947156114,-0.9823627527483809,0.23008359151559402,0.37442537830247313
20,1,Multi-scale Linear,2020-08-07,-1.4891224729837105,-0.996191565322717,0.225570512933315,0.36928315727615935
20,1,Multi-scale Linear,2020-08-10,-1.4965872625567975,-1.0005647861100762,0.22389294565367102,0.3676717266355499
20,1,Multi-scale Linear,2020-08-11,-1.5111913270744843,-1.020209296893218,0.220646958623747,0.36051947666980383
20,1,Multi-scale Linear,2020-08-12,-1.4454251365659123,-1.0260237976958964,0.23564587357993305,0.3584293183855791
20,1,Multi-scale Linear,2020-08-13,-1.4503389536234277,-1.0172781893874001,0.23449079311801593,0.361577748210023
20,1,Multi-scale Linear,2020-08-14,-1.4388209033183923,-1.0164824668307877,0.23720728417757203,0.36186557828149574
20,1,Multi-scale Linear,2020-08-17,-1.421512761105962,-1.055639218107364,0.241348637768855,0.3479699275223379
20,1,Multi-scale Linear,2020-08-18,-1.4787077875421766,-1.0460235615013904,0.227932034778693,0.3513320253384736
20,1,Multi-scale Linear,2020-08-19,-1.3317144837650725,-1.0941964483666418,0.26402420781649305,0.3348085348304431
20,1,Multi-scale Linear,2020-08-20,-1.3357353094840791,-1.103131238489023,0.262964743878555,0.33183041509000416
20,1,Multi-scale Linear,2020-08-21,-1.317206454945161,-1.1337443325587364,0.26788259978671,0.3218259741263909
20,1,Multi-scale Linear,2020-08-24,-1.2322956175131097,-1.1164934081628188,0.29162235530202996,0.3274259330328705
20,1,Multi-scale Linear,2020-08-25,-1.2717873008418772,-1.1861225663021342,0.280330139467724,0.30540315171233945
20,1,Multi-scale Linear,2020-08-26,-1.294168961046317,-1.1944833621225037,0.274125578732699,0.3028603829155663
20,1,Multi-scale Linear,2020-08-27,-1.3190946510063444,-1.1904308836947946,0.267377262155335,0.3040902083213275
20,1,Multi-scale Linear,2020-08-28,-1.3620552332630966,-1.112269276511035,0.25613382088174,0.3288119485753487
20,1,Multi-scale Linear,2020-08-31,-1.3753708691908155,-1.1143781520346594,0.25274584277457407,0.32811925576330214
20,1,Multi-scale Linear,2020-09-01,-1.358432045681589,-1.0938167977502324,0.257063524989896,0.3349356692288699
20,1,Multi-scale Linear,2020-09-02,-1.2555835850598769,-1.1065559574545252,0.28490953075341396,0.3306959329242427
20,1,Multi-scale Linear,2020-09-03,-1.2079132813486937,-1.0803389049124321,0.298820182940799,0.3394804545532386
20,1,Multi-scale Linear,2020-09-04,-1.2107905220724575,-1.0972896736782851,0.297961641049493,0.3337744966769228
20,1,Multi-scale Linear,2020-09-07,-1.1959975593572223,-1.0832192344143166,0.30240213958419704,0.338504045849122
20,1,Multi-scale Linear,2020-09-08,-1.1793581493277787,-1.080124960615691,0.30747602897476795,0.33955309223027663
20,1,Multi-scale Linear,2020-09-09,-1.2035214194300117,-1.0923171261161544,0.3001354460356249,0.33543833957727537
20,1,Multi-scale Linear,2020-09-10,-1.2037141623092462,-1.1049524762514158,0.30007760264022604,0.3312266229987039
20,1,Multi-scale Linear,2020-09-11,-1.224719376581084,-1.0737015183013525,0.293840147181449,0.3417412120379623
20,1,Multi-scale Linear,2020-09-14,-1.2307647680360652,-1.06334612939606,0.292069127115086,0.34529846175757833
20,1,Multi-scale Linear,2020-09-15,-1.2712258685068734,-1.0497295635850008,0.280487570061675,0.35003239781914963
20,1,Multi-scale Linear,2020-09-16,-1.4021572734092755,-1.0632873916656023,0.24606556026608503,0.3453187444012249
20,1,Multi-scale Linear,2020-09-17,-1.3320410247074388,-1.0299316811692063,0.26393800717765,0.35703135170045597
20,1,Multi-scale Linear,2020-09-18,-1.3375127326143463,-1.0548117568582134,0.262497759397792,0.3482579783122301
20,1,Multi-scale Linear,2020-09-21,-1.4467757005921522,-1.0550667212149853,0.23532783355519496,0.34816919625940945
20,2,Persistence,2020-09-22,-1.3942136206860984,-1.2699718546450318,0.24802800378945603,0.280839525995294
20,2,Persistence,2020-09-23,-1.3953851008265263,-1.2739689146862674,0.24773761403487202,0.27971923397669707
20,2,Persistence,2020-09-24,-1.3617601087435316,-1.3145581765131331,0.256209423408103,0.268592967708891
20,2,Persistence,2020-09-25,-1.356439874513906,-1.3408956518493518,0.257576149981468,0.26161125101695004
20,2,Persistence,2020-09-28,-1.3323841198102817,-1.3613117112317024,0.263847466872789,0.256324332836692
20,2,Persistence,2020-09-29,-1.3492295109032764,-1.3876530530075972,0.259440079409355,0.24966055767905604
20,2,Persistence,2020-09-30,-1.484514227448264,-1.295749143444889,0.226612396025243,0.273692752380542
20,2,Persistence,2020-10-09,-1.5624707000171114,-1.2485093423380884,0.20961752885113002,0.286932195904492
20,2,Persistence,2020-10-12,-1.4169478008756284,-1.2521376819095855,0.24245290324827798,0.285892994890912
20,2,Persistence,2020-10-13,-1.4299607539452983,-1.2381522066805217,0.23931831435910805,0.289919434496226
20,2,Persistence,2020-10-14,-1.440858016373305,-1.2216196035909208,0.23672455797311598,0.29475239808801407
20,2,Persistence,2020-10-15,-1.4619245963961012,-1.2092928693134797,0.231789743466432,0.29840821844874604
20,2,Persistence,2020-10-16,-1.4611661545720336,-1.2139324945728005,0.231965609185795,0.29702692296537697
20,2,Persistence,2020-10-19,-1.4530154545461609,-1.2484233487843166,0.233864017450856,0.28695687128465597
20,2,Persistence,2020-10-20,-1.4339495298530844,-1.2418839524584737,0.238365628520789,0.288839545060225
20,2,Persistence,2020-10-21,-1.4439738356733771,-1.2575909094849278,0.23598811493410204,0.28433819850982806
20,2,Persistence,2020-10-22,-1.396964720156713,-1.2695520198805625,0.247346591825355,0.280957456945568
20,2,Persistence,2020-10-23,-1.467044113265358,-1.2578983066924487,0.23060612432887204,0.284250807174229
20,2,Persistence,2020-10-26,-1.431241755820385,-1.3555656222239032,0.23901194342243898,0.257801434984055
20,2,Persistence,2020-10-27,-1.4313777921182018,-1.3530588604080394,0.23897943133398397,0.258448492447985
20,2,Persistence,2020-10-28,-1.488195221911123,-1.3327911153470617,0.225779770435505,0.263740103980972
20,2,Persistence,2020-10-29,-1.4505076975213624,-1.434770427552185,0.234451227565872,0.238170035016904
20,2,Persistence,2020-10-30,-1.487161544996308,-1.403573655526473,0.226013274435092,0.24571728411114896
20,2,Persistence,2020-11-02,-1.481839885397576,-1.403043561684123,0.227219246185904,0.245847571859731
20,2,Persistence,2020-11-03,-1.5198626233792625,-1.3744555199065058,0.21874193491605598,0.252977299416545
20,2,Persistence,2020-11-04,-1.428003211466988,-1.3753740930684768,0.239787248955254,0.252745027954211
20,2,Persistence,2020-11-05,-1.4290570605675863,-1.3782058701601327,0.23953468248545606,0.252030322794469
20,2,Persistence,2020-11-06,-1.3054994896972727,-1.388693225952075,0.271037120979942,0.249401002536176
20,2,Persistence,2020-11-09,-1.3895739216227183,-1.3953337297729864,0.24918145284541005,0.247750340904
20,2,Persistence,2020-11-10,-1.3990107365671245,-1.4507207263665096,0.24684103400558194,0.234401288011092
20,2,Persistence,2020-11-11,-1.4174866489567977,-1.431362151843235,0.24232229315924697,0.238983169067231
20,2,Persistence,2020-11-12,-1.163761083701598,-1.452433811046643,0.312309347588538,0.23400008250321802
20,2,Persistence,2020-11-13,-1.1420670326756233,-1.486060897286931,0.319158628210639,0.22626217237723598
20,2,Persistence,2020-11-16,-1.1135471285623482,-1.4961439853860514,0.328392043897531,0.22399221428530397
20,2,Persistence,2020-11-17,-1.082743702046861,-1.4666543887233952,0.33866505375864003,0.230696014710156
20,2,Persistence,2020-11-18,-1.072772787415497,-1.4688913090545173,0.342058745085102,0.23018054285422304
20,2,Persistence,2020-11-19,-1.0795119568194689,-1.4322980742838927,0.339761303375424,0.238759603992466
20,2,Persistence,2020-11-20,-0.9876056000281463,-1.4269247798461058,0.37246746024389404,0.24004598259500504
20,2,Persistence,2020-11-23,-0.8467744125457674,-1.379531669158218,0.428795822084642,0.25169640264943
20,2,Persistence,2020-11-24,-0.6617337605135964,-1.446726666107594,0.515956014416127,0.23533937301712904
20,2,Persistence,2020-11-25,-0.6453724923914421,-1.4662835030591503,0.524467145695681,0.230781592423603
20,2,Persistence,2020-11-26,-0.6520585609599618,-1.4380812680108377,0.520972219076747,0.237382795959513
20,2,Persistence,2020-11-27,-0.6370712319966386,-1.4890462802568374,0.528839004905767,0.22558770042057
20,2,Persistence,2020-11-30,-0.6104435324830935,-1.482294848704678,0.543109928750728,0.22711589327889498
20,2,Persistence,2020-12-01,-0.6060576247667676,-1.5201553650480133,0.545497190105231,0.218677909408927
20,2,Persistence,2020-12-02,-0.6073307471334388,-1.4426608544064057,0.544803147325989,0.23629816640958598
20,2,Persistence,2020-12-03,-0.6044387767372215,-1.4744886235760968,0.546380982326193,0.228895749011111
20,2,Persistence,2020-12-04,-0.621635611148588,-1.3456440622579078,0.537065288843966,0.260371958093902
20,2,Persistence,2020-12-07,-0.6206160285135481,-1.3215369555649639,0.537613150534026,0.266725042233146
20,2,Persistence,2020-12-08,-0.6200611611126581,-1.3268497893011792,0.537911537320442,0.265311734090425
20,2,Persistence,2020-12-09,-0.6058056095078443,-1.4318663238686806,0.545634681045017,0.23886271080722898
20,2,Persistence,2020-12-10,-0.6751008196286694,-1.1964761772053587,0.509105090233887,0.30225743915374403
20,2,Persistence,2020-12-11,-0.6736987731321752,-1.1883715756539113,0.509819379858621,0.304717068960525
20,2,Persistence,2020-12-14,-0.687697385663193,-1.154463431673371,0.50273233602124,0.315226632160304
20,2,Persistence,2020-12-15,-0.7034652492658158,-1.1101729962956024,0.494867489977512,0.32950195352693
20,2,Persistence,2020-12-16,-0.6986156889077662,-1.1053212929739447,0.497273208362799,0.331104483606105
20,2,Persistence,2020-12-17,-0.707021005172986,-1.102290785137542,0.493110986675934,0.33210942030350005
20,2,Persistence,2020-12-18,-0.7490902160594688,-1.0082729812399556,0.472796499794549,0.36484853605345907
20,2,Persistence,2020-12-21,-0.8529658172558343,-0.8718179907177883,0.426149175297418,0.418190591136881
20,2,Persistence,2020-12-22,-1.1513787991699258,-0.6950516999247893,0.316200491703031,0.499048646540683
20,2,Persistence,2020-12-23,-1.1989376323344734,-0.6903816870751344,0.301514360931854,0.501384660494709
20,2,Persistence,2020-12-24,-1.191152246889481,-0.6908134798413919,0.303870927937088,0.501168212958798
20,2,Persistence,2020-12-25,-1.2403032403214598,-0.6758621879437453,0.289296478279551,0.508717621271152
20,2,Persistence,2020-12-28,-1.3107480481430736,-0.6551031998665706,0.269618293466141,0.519388459001487
20,2,Persistence,2020-12-29,-1.307474258501877,-0.6511651193797202,0.270502413464169,0.521437885311233
20,2,Persistence,2020-12-30,-1.137675510939289,-0.6387568497570734,0.32056330233475705,0.527948335361777
20,2,Persistence,2020-12-31,-1.1454712427142089,-0.6359689234300272,0.318073992416068,0.529422270081273
20,2,Persistence,2021-01-04,-1.1698679055635322,-0.6405347441603747,0.31040794171959607,0.527010532875027
20,2,Persistence,2021-01-05,-1.0661755895952263,-0.6333957827781577,0.3443228344034791,0.530786302217083
20,2,Persistence,2021-01-06,-1.0551700701124112,-0.660905678311635,0.348133215216191,0.516383445358213
20,2,Persistence,2021-01-07,-0.993933599999106,-0.6523375095413605,0.370117927926807,0.520826914882429
20,2,Persistence,2021-01-08,-0.9870229378393875,-0.6517241362740022,0.372684546187265,0.521146474183486
20,2,Persistence,2021-01-11,-0.9815728227191692,-0.6441163855461229,0.374721265002002,0.525126346394115
20,2,Persistence,2021-01-12,-0.9365286226305968,-0.7125983313900001,0.391986208334563,0.490368401098635
20,2,Persistence,2021-01-13,-0.9412426384254884,-0.7164828249718742,0.39014272766939,0.488467263061633
20,2,Persistence,2021-01-14,-0.844338351432154,-0.7211294058107615,0.429841668267906,0.486202825457093
20,2,Persistence,2021-01-15,-0.8388195688951623,-0.7412209250790275,0.432220428854124,0.476531750638192
20,2,Persistence,2021-01-18,-0.8410702676125498,-0.7349205119679153,0.431248724805993,0.479543575435083
20,2,Persistence,2021-01-19,-0.8397658522350023,-0.7240131585456423,0.431811619318493,0.484802756426174
20,2,Persistence,2021-01-20,-0.8313129883174386,-0.7713034633673206,0.435477134399359,0.46240994090073
20,2,Persistence,2021-01-21,-0.8313727456663036,-0.8952339108776854,0.435451112217832,0.408512032056289
20,2,Persistence,2021-01-22,-0.8274705005027367,-1.1870236182273146,0.437153668950867,0.3051280915548851
20,2,Persistence,2021-01-25,-0.8188964477465941,-1.2336245755680815,0.440917962134387,0.291235058831325
20,2,Persistence,2021-01-26,-0.821522135480756,-1.2089327811136255,0.439761767816315,0.29851569107560005
20,2,Persistence,2021-01-27,-0.829874759006561,-1.2374525382956816,0.436103900987269,0.290122352938225
20,2,Persistence,2021-01-28,-0.9295897192268912,-1.1317048067407112,0.39471562138514205,0.322483016309024
20,2,Persistence,2021-01-29,-0.8670635750431188,-1.1426378198395397,0.420183577025859,0.318976508543132
20,2,Persistence,2021-02-01,-0.8657416364097021,-1.1742824706840385,0.420739401231259,0.30904064587575497
20,2,Persistence,2021-02-02,-0.6290845461306969,-1.068021165950619,0.533079587470825,0.343687946369065
20,2,Persistence,2021-02-03,-0.6326913770788315,-1.0830955939770899,0.531160322829149,0.338545901224809
20,2,Persistence,2021-02-04,-0.6216380992813331,-1.0085454661214417,0.537063952555897,0.364749133886761
20,2,Persistence,2021-02-05,-0.6035212333222487,-1.001920978457094,0.54688254066418,0.367173431022395
20,2,Persistence,2021-02-08,-0.6037168447717981,-1.0096189207135744,0.546775574639898,0.36435780232991993
20,2,Persistence,2021-02-09,-0.6027216785711552,-0.9671671757162599,0.547319978052125,0.380158436227089
20,2,Persistence,2021-02-10,-0.6043185713875775,-0.9806083994433751,0.546446664190789,0.375082829234361
20,2,Persistence,2021-02-18,-0.6621720870478074,-0.8726377621339914,0.515729906762635,0.417847910922655
20,2,Persistence,2021-02-19,-0.6216933246304338,-0.8735371014342529,0.537034293830592,0.417472292804215
20,2,Persistence,2021-02-22,-0.6010886718676728,-0.8736893405708818,0.548214485414711,0.417408742020373
20,2,Persistence,2021-02-23,-0.5935784512167298,-0.8477952920004498,0.552347196525483,0.428358296608006
20,2,Persistence,2021-02-24,-0.5985252004727947,-0.8491120768524505,0.549621620370865,0.427794612098864
20,2,Persistence,2021-02-25,-0.5946760564340182,-0.873867360055126,0.551741269955736,0.417334441745044
20,2,Persistence,2021-02-26,-0.5931830355230149,-0.8688060046556614,0.552565646461789,0.419452074199712
20,2,Persistence,2021-03-01,-0.5787221840748271,-0.8604453811162797,0.560614270914255,0.422973655881062
20,2,Persistence,2021-03-02,-0.5763945528892204,-0.8546902747904075,0.561920694020077,0.42541493240852
20,2,Persistence,2021-03-03,-0.5484843499021568,-0.8546737321935155,0.577824927435139,0.425421969934468
20,2,Persistence,2021-03-04,-0.5146614340431425,-0.8586603410742326,0.597702922227465,0.423729355069535
20,2,Persistence,2021-03-05,-0.5447345058132668,-0.8155088704740623,0.579995748400058,0.442414138577819
20,2,Persistence,2021-03-08,-0.5471982341771678,-0.9069536127913428,0.578568555253817,0.403752338387045
20,2,Persistence,2021-03-09,-0.7863764987546978,-0.6285328587612625,0.455492285502071,0.533373761884829
20,2,Persistence,2021-03-10,-0.784906237844398,-0.6302669952360063,0.456162470557106,0.532449620514894
20,2,Persistence,2021-03-11,-0.8653966357692705,-0.6233047901784763,0.420884581636365,0.536169578484587
20,2,Persistence,2021-03-12,-0.8581190946917213,-0.6078053755183086,0.423958759126588,0.54454462964287
20,2,Persistence,2021-03-15,-0.8743562121152153,-0.6364690111812012,0.417130476801854,0.529157578678787
20,2,Persistence,2021-03-16,-0.9115143056837876,-0.61793838361259,0.40191514059896505,0.539054616651191
20,2,Persistence,2021-03-17,-0.8636762618441631,-0.6285209632372452,0.421609283696615,0.533380106682961
20,2,Persistence,2021-03-18,-0.8770909923114839,-0.6423930968814825,0.415991275077803,0.526032070862569
20,2,Persistence,2021-03-19,-0.9460610546986856,-0.6051693732430862,0.38826737933433597,0.54598194407536
20,2,Persistence,2021-03-22,-0.9448637709905952,-0.6374117425320723,0.388732523941461,0.528658960308329
20,2,Persistence,2021-03-23,-0.9963198872092948,-0.6171959505579012,0.36923577320500806,0.539454977218945
20,2,Persistence,2021-03-24,-1.0009187543739728,-0.6214237330284021,0.367541605543516,0.537179093283693
20,2,Persistence,2021-03-25,-1.0031088156510952,-0.6339858457889072,0.366737547694843,0.53047319723845
20,2,Persistence,2021-03-26,-0.9632367585231186,-0.6345021786505836,0.381655557709645,0.530199367194286
20,2,Persistence,2021-03-29,-1.0002938869761506,-0.6150836108015546,0.367771342080124,0.540595693780401
20,2,Persistence,2021-03-30,-1.00890519954822,-0.611582156129931,0.3646179450288369,0.54249188287062
20,2,Persistence,2021-03-31,-1.076114923807182,-0.5891891017106364,0.34091744635541493,0.554776970081344
20,2,Persistence,2021-04-01,-1.1336434474994066,-0.556595945779358,0.321858443196679,0.573156803698707
20,2,Persistence,2021-04-02,-0.8237145986600896,-0.5563854533660251,0.438798662504961,0.573277461555872
20,2,Persistence,2021-04-06,-0.7866337139151207,-0.5609050577477166,0.455375141047095,0.570692320536555
20,2,Persistence,2021-04-07,-0.6411158346652431,-0.5814222493021705,0.526704381017991,0.55910261751517
20,2,Persistence,2021-04-08,-0.6389511593398289,-0.5827908241922003,0.527845759907036,0.558337967071936
20,2,Persistence,2021-04-09,-0.6273340407053933,-0.8298979201427389,0.534013563407287,0.436093800442401
20,2,Persistence,2021-04-12,-0.4811322926942208,-0.7961753668203021,0.618083144409614,0.451050773127059
20,2,Persistence,2021-04-13,-0.4608332483258486,-0.8687165810576554,0.630757848556308,0.419489584790519
20,2,Persistence,2021-04-14,-0.4559433642647542,-0.8992735868331005,0.633849734627754,0.406865104589219
20,2,Persistence,2021-04-15,-0.4548447442398352,-0.8734765862289386,0.634546477296651,0.417497556990153
20,2,Persistence,2021-04-16,-0.4292066196338139,-0.9110054238523445,0.651025400653507,0.402119719960743
20,2,Persistence,2021-04-19,-0.4051511002974121,-0.9049056798398504,0.666876038077577,0.404580043357927
20,2,Persistence,2021-04-20,-0.4006834573161813,-0.8713185388632252,0.669862067418239,0.418399509371142
20,2,Multi-scale Linear,2020-09-22,-1.3942136206860984,-1.1042073167574844,0.24802800378945603,0.33147353164320964
20,2,Multi-scale Linear,2020-09-23,-1.3953851008265263,-1.1197878095209093,0.24773761403487202,0.3263490354348389
20,2,Multi-scale Linear,2020-09-24,-1.3617601087435316,-1.133419852865673,0.256209423408103,0.321930417063585
20,2,Multi-scale Linear,2020-09-25,-1.356439874513906,-1.14101553258526,0.257576149981468,0.31949440003815893
20,2,Multi-scale Linear,2020-09-28,-1.3323841198102817,-1.176376554670725,0.263847466872789,0.30839416593588087
20,2,Multi-scale Linear,2020-09-29,-1.3492295109032764,-1.1235386905592504,0.259440079409355,0.3251272318783154
20,2,Multi-scale Linear,2020-09-30,-1.484514227448264,-1.0765866651456888,0.226612396025243,0.34075665943085226
20,2,Multi-scale Linear,2020-10-09,-1.5624707000171114,-1.0579017732942726,0.20961752885113002,0.3471835163427608
20,2,Multi-scale Linear,2020-10-12,-1.4169478008756284,-1.050824954704468,0.24245290324827798,0.34964918536113193
20,2,Multi-scale Linear,2020-10-13,-1.4299607539452983,-1.0500809143273298,0.23931831435910805,0.3499094352790915
20,2,Multi-scale Linear,2020-10-14,-1.440858016373305,-1.0595030173970474,0.23672455797311598,0.34662803563342826
20,2,Multi-scale Linear,2020-10-15,-1.4619245963961012,-1.0864754106817909,0.231789743466432,0.33740360958810056
20,2,Multi-scale Linear,2020-10-16,-1.4611661545720336,-1.1122593159208642,0.231965609185795,0.328815223752723
20,2,Multi-scale Linear,2020-10-19,-1.4530154545461609,-1.134765521499369,0.233864017450856,0.3214974967480831
20,2,Multi-scale Linear,2020-10-20,-1.4339495298530844,-1.1342746237048713,0.238365628520789,0.32165535790384975
20,2,Multi-scale Linear,2020-10-21,-1.4439738356733771,-1.1104633792591891,0.23598811493410204,0.3294062856639883
20,2,Multi-scale Linear,2020-10-22,-1.396964720156713,-1.1081497118700576,0.247346591825355,0.3301693045905342
20,2,Multi-scale Linear,2020-10-23,-1.467044113265358,-1.107484292416905,0.23060612432887204,0.3303890787815442
20,2,Multi-scale Linear,2020-10-26,-1.431241755820385,-1.1486714230721704,0.23901194342243898,0.31705772525956827
20,2,Multi-scale Linear,2020-10-27,-1.4313777921182018,-1.1580689672655615,0.23897943133398397,0.3140921178134187
20,2,Multi-scale Linear,2020-10-28,-1.488195221911123,-1.1425169953709873,0.225779770435505,0.3190150510386488
20,2,Multi-scale Linear,2020-10-29,-1.4505076975213624,-1.1830163004866696,0.234451227565872,0.3063532900095135
20,2,Multi-scale Linear,2020-10-30,-1.487161544996308,-1.1817348211756644,0.226013274435092,0.30674612706503934
20,2,Multi-scale Linear,2020-11-02,-1.481839885397576,-1.1860919248423283,0.227219246185904,0.30541250985411006
20,2,Multi-scale Linear,2020-11-03,-1.5198626233792625,-1.1702138098969193,0.21874193491605598,0.3103005888354218
20,2,Multi-scale Linear,2020-11-04,-1.428003211466988,-1.1842332868544796,0.239787248955254,0.3059806890029979
20,2,Multi-scale Linear,2020-11-05,-1.4290570605675863,-1.1795874686608028,0.23953468248545606,0.3074055268609404
20,2,Multi-scale Linear,2020-11-06,-1.3054994896972727,-1.1856619068487055,0.271037120979942,0.30554387097062247
20,2,Multi-scale Linear,2020-11-09,-1.3895739216227183,-1.1604201524386515,0.24918145284541005,0.3133544965649047
20,2,Multi-scale Linear,2020-11-10,-1.3990107365671245,-1.1573956598511566,0.24684103400558194,0.31430366957684197
20,2,Multi-scale Linear,2020-11-11,-1.4174866489567977,-1.1520631730954647,0.24232229315924697,0.31598416636342114
20,2,Multi-scale Linear,2020-11-12,-1.163761083701598,-1.164260566817403,0.312309347588538,0.3121533932940202
20,2,Multi-scale Linear,2020-11-13,-1.1420670326756233,-1.1871614735644445,0.319158628210639,0.3050860309181642
20,2,Multi-scale Linear,2020-11-16,-1.1135471285623482,-1.2351656584955975,0.328392043897531,0.2907865871090809
20,2,Multi-scale Linear,2020-11-17,-1.082743702046861,-1.2267816322100589,0.33866505375864003,0.29323479809073083
20,2,Multi-scale Linear,2020-11-18,-1.072772787415497,-1.2444360203776672,0.342058745085102,0.28810334673711835
20,2,Multi-scale Linear,2020-11-19,-1.0795119568194689,-1.2244312746927677,0.339761303375424,0.29392481527864883
20,2,Multi-scale Linear,2020-11-20,-0.9876056000281463,-1.2143741590579533,0.37246746024389404,0.29689576568825665
20,2,Multi-scale Linear,2020-11-23,-0.8467744125457674,-1.2044402930839957,0.428795822084642,0.2998597861493351
20,2,Multi-scale Linear,2020-11-24,-0.6617337605135964,-1.2523206251329229,0.515956014416127,0.28584069748877067
20,2,Multi-scale Linear,2020-11-25,-0.6453724923914421,-1.267453224713984,0.524467145695681,0.2815477483318906
20,2,Multi-scale Linear,2020-11-26,-0.6520585609599618,-1.2628917983201589,0.520972219076747,0.28283494114805396
20,2,Multi-scale Linear,2020-11-27,-0.6370712319966386,-1.264377247583698,0.528839004905767,0.2824151160846355
20,2,Multi-scale Linear,2020-11-30,-0.6104435324830935,-1.2677496188644095,0.543109928750728,0.2814643115919112
20,2,Multi-scale Linear,2020-12-01,-0.6060576247667676,-1.2660574778663123,0.545497190105231,0.28194099208461787
20,2,Multi-scale Linear,2020-12-02,-0.6073307471334388,-1.2366641882611331,0.544803147325989,0.2903511610837916
20,2,Multi-scale Linear,2020-12-03,-0.6044387767372215,-1.2587010447945413,0.546380982326193,0.28402271978022864
20,2,Multi-scale Linear,2020-12-04,-0.621635611148588,-1.2302350432349394,0.537065288843966,0.2922238843611188
20,2,Multi-scale Linear,2020-12-07,-0.6206160285135481,-1.2266848189072768,0.537613150534026,0.29326318849428684
20,2,Multi-scale Linear,2020-12-08,-0.6200611611126581,-1.219549902790373,0.537911537320442,0.29536307910780213
20,2,Multi-scale Linear,2020-12-09,-0.6058056095078443,-1.2429992485287906,0.545634681045017,0.2885175830255369
20,2,Multi-scale Linear,2020-12-10,-0.6751008196286694,-1.1841262534566583,0.509105090233887,0.30601344090855215
20,2,Multi-scale Linear,2020-12-11,-0.6736987731321752,-1.2025985460452033,0.509819379858621,0.30041256090190793
20,2,Multi-scale Linear,2020-12-14,-0.687697385663193,-1.203336912669693,0.50273233602124,0.30019082816346115
20,2,Multi-scale Linear,2020-12-15,-0.7034652492658158,-1.1936830114332784,0.494867489977512,0.3031028744579641
20,2,Multi-scale Linear,2020-12-16,-0.6986156889077662,-1.1900111650119112,0.497273208362799,0.30421786745162877
20,2,Multi-scale Linear,2020-12-17,-0.707021005172986,-1.230964714150674,0.493110986675934,0.2920107348657683
20,2,Multi-scale Linear,2020-12-18,-0.7490902160594688,-1.1993106890274015,0.472796499794549,0.30140189995995786
20,2,Multi-scale Linear,2020-12-21,-0.8529658172558343,-1.1397894497295105,0.426149175297418,0.3198863668873677
20,2,Multi-scale Linear,2020-12-22,-1.1513787991699258,-1.0814600852697123,0.316200491703031,0.3391000490273636
20,2,Multi-scale Linear,2020-12-23,-1.1989376323344734,-1.105196424151163,0.301514360931854,0.33114583081462556
20,2,Multi-scale Linear,2020-12-24,-1.191152246889481,-1.0941937815944924,0.303870927937088,0.33480942768970967
20,2,Multi-scale Linear,2020-12-25,-1.2403032403214598,-1.091003340146623,0.289296478279551,0.33587932337719
20,2,Multi-scale Linear,2020-12-28,-1.3107480481430736,-1.1090056609060177,0.269618293466141,0.32988681740712944
20,2,Multi-scale Linear,2020-12-29,-1.307474258501877,-1.1343006845358974,0.270502413464169,0.3216469754071467
20,2,Multi-scale Linear,2020-12-30,-1.137675510939289,-1.0935614802792117,0.32056330233475705,0.33502119507454875
20,2,Multi-scale Linear,2020-12-31,-1.1454712427142089,-1.0975329826023366,0.318073992416068,0.33369329624205635
20,2,Multi-scale Linear,2021-01-04,-1.1698679055635322,-1.0944009473881535,0.31040794171959607,0.3347400738130206
20,2,Multi-scale Linear,2021-01-05,-1.0661755895952263,-1.093359864900581,0.3443228344034791,0.3350887473091989
20,2,Multi-scale Linear,2021-01-06,-1.0551700701124112,-1.0773507201049783,0.348133215216191,0.34049640205343423
20,2,Multi-scale Linear,2021-01-07,-0.993933599999106,-1.059208564149348,0.370117927926807,0.3467301164125351
20,2,Multi-scale Linear,2021-01-08,-0.9870229378393875,-1.0696575963671837,0.372684546187265,0.34312598489065466
20,2,Multi-scale Linear,2021-01-11,-0.9815728227191692,-1.0739315287179112,0.374721265002002,0.341662617038607
20,2,Multi-scale Linear,2021-01-12,-0.9365286226305968,-1.085213428313924,0.391986208334563,0.33782967578172124
20,2,Multi-scale Linear,2021-01-13,-0.9412426384254884,-1.0693267718510344,0.39014272766939,0.3432395181573429
20,2,Multi-scale Linear,2021-01-14,-0.844338351432154,-1.1007647141835775,0.429841668267906,0.3326166297637393
20,2,Multi-scale Linear,2021-01-15,-0.8388195688951623,-1.0851694414102797,0.432220428854124,0.3378445361899473
20,2,Multi-scale Linear,2021-01-18,-0.8410702676125498,-1.0625015445102854,0.431248724805993,0.34559021880891483
20,2,Multi-scale Linear,2021-01-19,-0.8397658522350023,-1.0403760119279062,0.431811619318493,0.3533218037658477
20,2,Multi-scale Linear,2021-01-20,-0.8313129883174386,-1.0291010808228358,0.435477134399359,0.3573280252563665
20,2,Multi-scale Linear,2021-01-21,-0.8313727456663036,-1.0607451403192636,0.435451112217832,0.34619774829509137
20,2,Multi-scale Linear,2021-01-22,-0.8274705005027367,-1.2144477661845388,0.437153668950867,0.2968739128483212
20,2,Multi-scale Linear,2021-01-25,-0.8188964477465941,-1.2592383633370603,0.440917962134387,0.28387015009932404
20,2,Multi-scale Linear,2021-01-26,-0.821522135480756,-1.2323837596377758,0.439761767816315,0.29159665222081227
20,2,Multi-scale Linear,2021-01-27,-0.829874759006561,-1.221633599628874,0.436103900987269,0.29474827275113286
20,2,Multi-scale Linear,2021-01-28,-0.9295897192268912,-1.20212219184599,0.39471562138514205,0.30055569777600893
20,2,Multi-scale Linear,2021-01-29,-0.8670635750431188,-1.2139066453004412,0.420183577025859,0.29703460099444207
20,2,Multi-scale Linear,2021-02-01,-0.8657416364097021,-1.2378676362174985,0.420739401231259,0.29000194874394203
20,2,Multi-scale Linear,2021-02-02,-0.6290845461306969,-1.1952070498970766,0.533079587470825,0.3026412858475448
20,2,Multi-scale Linear,2021-02-03,-0.6326913770788315,-1.1956135335771045,0.531160322829149,0.30251829210311354
20,2,Multi-scale Linear,2021-02-04,-0.6216380992813331,-1.1570249626077982,0.537063952555897,0.31442020267864684
20,2,Multi-scale Linear,2021-02-05,-0.6035212333222487,-1.1583858705143504,0.54688254066418,0.3139925967709684
20,2,Multi-scale Linear,2021-02-08,-0.6037168447717981,-1.1382410926550333,0.546775574639898,0.32038204885387694
20,2,Multi-scale Linear,2021-02-09,-0.6027216785711552,-1.119527057145244,0.547319978052125,0.32643414281661837
20,2,Multi-scale Linear,2021-02-10,-0.6043185713875775,-1.1456428565069399,0.546446664190789,0.31801941121543775
20,2,Multi-scale Linear,2021-02-18,-0.6621720870478074,-1.1328336746442083,0.515729906762635,0.32211918098213876
20,2,Multi-scale Linear,2021-02-19,-0.6216933246304338,-1.1532205841814713,0.537034293830592,0.31561865435090053
20,2,Multi-scale Linear,2021-02-22,-0.6010886718676728,-1.1520544229696204,0.548214485414711,0.31598693127673827
20,2,Multi-scale Linear,2021-02-23,-0.5935784512167298,-1.1640677322957274,0.552347196525483,0.3122135930484144
20,2,Multi-scale Linear,2021-02-24,-0.5985252004727947,-1.1559136999042325,0.549621620370865,0.31476980033457264
20,2,Multi-scale Linear,2021-02-25,-0.5946760564340182,-1.2434141904500486,0.551741269955736,0.2883978898199013
20,2,Multi-scale Linear,2021-02-26,-0.5931830355230149,-1.229564154158496,0.552565646461789,0.29241999995156037
20,2,Multi-scale Linear,2021-03-01,-0.5787221840748271,-1.2388263247301738,0.560614270914255,0.2897240604324773
20,2,Multi-scale Linear,2021-03-02,-0.5763945528892204,-1.2484259210240238,0.561920694020077,0.28695613316374674
20,2,Multi-scale Linear,2021-03-03,-0.5484843499021568,-1.2519674748657994,0.577824927435139,0.28594166003386917
20,2,Multi-scale Linear,2021-03-04,-0.5146614340431425,-1.2678173392479897,0.597702922227465,0.2814452513661563
20,2,Multi-scale Linear,2021-03-05,-0.5447345058132668,-1.2378112020135912,0.579995748400058,0.29001831523486155
20,2,Multi-scale Linear,2021-03-08,-0.5471982341771678,-1.3152913698758888,0.578568555253817,0.26839610930414065
20,2,Multi-scale Linear,2021-03-09,-0.7863764987546978,-1.1843130882846467,0.455492285502071,0.3059562722806696
20,2,Multi-scale Linear,2021-03-10,-0.784906237844398,-1.1960050791272727,0.456162470557106,0.30239986559819454
20,2,Multi-scale Linear,2021-03-11,-0.8653966357692705,-1.2398247671701421,0.420884581636365,0.28943493199773057
20,2,Multi-scale Linear,2021-03-12,-0.8581190946917213,-1.2167129042460654,0.423958759126588,0.2962022134819535
20,2,Multi-scale Linear,2021-03-15,-0.8743562121152153,-1.2080237055713765,0.417130476801854,0.29878718777614205
20,2,Multi-scale Linear,2021-03-16,-0.9115143056837876,-1.2282397630702429,0.40191514059896505,0.29280753496083445
20,2,Multi-scale Linear,2021-03-17,-0.8636762618441631,-1.22495091026763,0.421609283696615,0.29377212116437806
20,2,Multi-scale Linear,2021-03-18,-0.8770909923114839,-1.253987944635219,0.415991275077803,0.28536450681061565
20,2,Multi-scale Linear,2021-03-19,-0.9460610546986856,-1.2217358273529384,0.38826737933433597,0.29471814284611964
20,2,Multi-scale Linear,2021-03-22,-0.9448637709905952,-1.1923524283197986,0.388732523941461,0.30350644645786706
20,2,Multi-scale Linear,2021-03-23,-0.9963198872092948,-1.2096152445183497,0.36923577320500806,0.2983120345426749
20,2,Multi-scale Linear,2021-03-24,-1.0009187543739728,-1.189679547602034,0.367541605543516,0.30431876812215625
20,2,Multi-scale Linear,2021-03-25,-1.0031088156510952,-1.2240673233722568,0.366737547694843,0.2940318090723857
20,2,Multi-scale Linear,2021-03-26,-0.9632367585231186,-1.217417410452745,0.381655557709645,0.29599361067373775
20,2,Multi-scale Linear,2021-03-29,-1.0002938869761506,-1.2049206319052543,0.367771342080124,0.29971578644020724
20,2,Multi-scale Linear,2021-03-30,-1.00890519954822,-1.2145196657272779,0.3646179450288369,0.29685256851706926
20,2,Multi-scale Linear,2021-03-31,-1.076114923807182,-1.1942924800919572,0.34091744635541493,0.30291819903828315
20,2,Multi-scale Linear,2021-04-01,-1.1336434474994066,-1.0981467745889342,0.321858443196679,0.33348854081588986
20,2,Multi-scale Linear,2021-04-02,-0.8237145986600896,-1.097171866203645,0.438798662504961,0.3338138201237281
20,2,Multi-scale Linear,2021-04-06,-0.7866337139151207,-1.11111940907147,0.455375141047095,0.32919025618887576
20,2,Multi-scale Linear,2021-04-07,-0.6411158346652431,-1.1442193351001548,0.526704381017991,0.31847244102739164
20,2,Multi-scale Linear,2021-04-08,-0.6389511593398289,-1.1186661938141347,0.527845759907036,0.32671527899274166
20,2,Multi-scale Linear,2021-04-09,-0.6273340407053933,-1.3547211468175533,0.534013563407287,0.2580192339055937
20,2,Multi-scale Linear,2021-04-12,-0.4811322926942208,-1.3122795833826504,0.618083144409614,0.269205679595457
20,2,Multi-scale Linear,2021-04-13,-0.4608332483258486,-1.3101803526747453,0.630757848556308,0.2697713980037844
20,2,Multi-scale Linear,2021-04-14,-0.4559433642647542,-1.361258332454577,0.633849734627754,0.25633801548130447
20,2,Multi-scale Linear,2021-04-15,-0.4548447442398352,-1.3602454456723485,0.634546477296651,0.25659778840704034
20,2,Multi-scale Linear,2021-04-16,-0.4292066196338139,-1.3493010520594164,0.651025400653507,0.25942151943003405
20,2,Multi-scale Linear,2021-04-19,-0.4051511002974121,-1.3798974575984158,0.666876038077577,0.2516043518514868
20,2,Multi-scale Linear,2021-04-20,-0.4006834573161813,-1.352014929597639,0.669862067418239,0.2587184356686604
20,3,Persistence,2021-04-21,-0.3881349164654379,-0.9394255673994096,0.678320820442748,0.390852289182474
20,3,Persistence,2021-04-22,-0.3886205750929984,-0.9897068706285799,0.677991468066931,0.371685627029311
20,3,Persistence,2021-04-23,-0.3404340127265425,-1.0344720612906715,0.711461472411495,0.35541396819495
20,3,Persistence,2021-04-26,-0.3241246776489553,-0.986969279831239,0.72316007486107,0.372704544234204
20,3,Persistence,2021-04-27,-0.3229586110322467,-0.9885888531051077,0.724003819518537,0.372101410456822
20,3,Persistence,2021-04-28,-0.3079320253444134,-0.9917529210384695,0.734965275322592,0.370925916967352
20,3,Persistence,2021-04-29,-0.2740662631800433,-1.0289589515175597,0.760281694908886,0.357378815649668
20,3,Persistence,2021-04-30,-0.2870594930472558,-0.9988969791472507,0.750467079935481,0.368285443739838
20,3,Persistence,2021-05-06,-0.3670262444622913,-0.8043228127984343,0.692791462866379,0.447390791317692
20,3,Persistence,2021-05-07,-0.3773393358245034,-0.8318596202714991,0.685683357486285,0.435239153732278
20,3,Persistence,2021-05-10,-0.4360271651766177,-0.6755026634748089,0.646600160689293,0.50890055058559
20,3,Persistence,2021-05-11,-0.4281252012889481,-0.6721489143942321,0.651729812277925,0.510610140504628
20,3,Persistence,2021-05-12,-0.4285975695119521,-0.6719783343955642,0.651422028523976,0.510697247810886
20,3,Persistence,2021-05-13,-0.5823287917810298,-0.5086409417035471,0.558595996913595,0.601312242131463
20,3,Persistence,2021-05-14,-0.545100309874115,-0.4882613360366168,0.57978362240066,0.613692472126093
20,3,Persistence,2021-05-17,-0.5474454643588763,-0.5006797777852268,0.578425533325168,0.606118493750606
20,3,Persistence,2021-05-18,-0.5632580689964216,-0.4809460273484312,0.569351053713589,0.618198282603029
20,3,Persistence,2021-05-19,-0.587664726573949,-0.4579538251832483,0.555623303201639,0.632576684645506
20,3,Persistence,2021-05-20,-0.6203221349051565,-0.45022795768537294,0.537771174822782,0.637482815950022
20,3,Persistence,2021-05-21,-0.5532468619763966,-0.4270524744796521,0.575079571825121,0.652429315440792
20,3,Persistence,2021-05-24,-0.5658148793124157,-0.4173452754061733,0.567897190484309,0.658793415506414
20,3,Persistence,2021-05-25,-0.549798135178503,-0.4353495037014262,0.577066288006944,0.647038485209091
20,3,Persistence,2021-05-26,-0.6269306235433418,-0.38551174054291265,0.534229037103505,0.680102511109051
20,3,Persistence,2021-05-27,-0.680297065498587,-0.3551252079462233,0.506466516287892,0.701085656217731
20,3,Persistence,2021-05-28,-0.6842263001640905,-0.35390848574404593,0.504480395018738,0.701939201859946
20,3,Persistence,2021-05-31,-0.6899979168310041,-0.3503536333700256,0.50157711393486,0.70443893255247
20,3,Persistence,2021-06-01,-0.7716815040336513,-0.31721270788934824,0.46223516417699,0.728175849903397
20,3,Persistence,2021-06-02,-0.7716813742491071,-0.3204911619082774,0.462235224167974,0.725792467900714
20,3,Persistence,2021-06-03,-0.7796645644743573,-0.31665957447130355,0.4585598027587,0.728578739715829
20,3,Persistence,2021-06-04,-0.7568036527464271,-0.32439532664242676,0.469163642845624,0.722964378798356
20,3,Persistence,2021-06-07,-0.8152738623511343,-0.3839106294557975,0.442518121712045,0.681192302986079
20,3,Persistence,2021-06-08,-0.8362227054031913,-0.39006584132930877,0.433344304951112,0.677012297641046
20,3,Persistence,2021-06-09,-0.7834250882194057,-0.46521096212707985,0.456838616042012,0.628002606448356
20,3,Persistence,2021-06-10,-0.7706660315596783,-0.46831351985227704,0.462704789668238,0.626057211520815
20,3,Persistence,2021-06-11,-0.8596355284811076,-0.43023576180893175,0.423316340954361,0.650355747599826
20,3,Persistence,2021-06-15,-0.838552076825389,-0.5631315611502975,0.432336059855735,0.569423085645289
20,3,Persistence,2021-06-16,-0.8561822911531097,-0.5773155128659586,0.42478067964384,0.561403425779018
20,3,Persistence,2021-06-17,-0.8675410435409325,-0.5766969442358001,0.419983000492829,0.561750799753314
20,3,Persistence,2021-06-18,-0.8766789625673955,-0.5966042927006796,0.416162711172376,0.550678407483495
20,3,Persistence,2021-06-21,-1.0923341720852664,-0.53791926645122,0.335432621754433,0.583962058578917
20,3,Persistence,2021-06-22,-1.1043121020483535,-0.5652017825629911,0.3314387999125,0.568245473160381
20,3,Persistence,2021-06-23,-1.0230249083765648,-0.5800287190788527,0.35950582159042294,0.559882287030959
20,3,Persistence,2021-06-24,-0.980208694666691,-0.5958501244906793,0.3752327815992,0.551093868276322
20,3,Persistence,2021-06-25,-0.9870250845531376,-0.590736480435449,0.37268374614108396,0.553919183832076
20,3,Persistence,2021-06-28,-0.9853523554966938,-0.6660519570975681,0.373307666751707,0.513732818470392
20,3,Persistence,2021-06-29,-1.021072440091112,-0.6940994722705641,0.36020843099359895,0.499524080787617
20,3,Persistence,2021-06-30,-0.9967193128549996,-0.6972661150628863,0.369088320418051,0.497944768336524
20,3,Persistence,2021-07-01,-0.9778181887748484,-0.7349573201404443,0.37613085076657393,0.479525924637272
20,3,Persistence,2021-07-02,-0.7497946058342168,-0.8135267271272998,0.472463584039549,0.443291936492365
20,3,Persistence,2021-07-05,-0.7662444170044991,-0.7784681704877212,0.464755221670369,0.459108749261903
20,3,Persistence,2021-07-06,-0.7650603921626422,-0.7906295145152876,0.46530582930044,0.453559183303913
20,3,Persistence,2021-07-07,-0.7677591156660923,-0.8006315357221898,0.464051790435802,0.449045286411098
20,3,Persistence,2021-07-08,-0.7356051590811108,-0.794737982292325,0.479215369675893,0.451699572705216
20,3,Persistence,2021-07-09,-0.7461815933096634,-0.8036147911204474,0.474173688339919,0.447707665860262
20,3,Persistence,2021-07-12,-0.6956815915470093,-0.8044805504442217,0.498734398960496,0.447320226513032
20,3,Persistence,2021-07-13,-0.719401708369643,-0.7791307179432263,0.487043562895331,0.458804668673313
20,3,Persistence,2021-07-14,-0.7078471685204394,-0.8754463736159678,0.492703764691617,0.416675984995001
20,3,Persistence,2021-07-15,-0.6728525171743234,-0.8808444936814009,0.510251000151118,0.414432777997164
20,3,Persistence,2021-07-16,-0.673206542623682,-0.8978778331873386,0.510070390283635,0.407433384539432
20,3,Persistence,2021-07-19,-0.674545430697555,-0.9080894890115964,0.509387920098795,0.403293986072028
20,3,Persistence,2021-07-20,-0.6663234502187796,-0.9167254345325265,0.513593362475565,0.399826156724456
20,3,Persistence,2021-07-21,-0.7100728907475371,-1.0189128471599938,0.491608362453926,0.360987175157436
20,3,Persistence,2021-07-22,-0.6342123909496913,-0.9883856428756141,0.530353034714323,0.372177032953208
20,3,Persistence,2021-07-23,-0.6291695548864009,-1.0187249846743136,0.533034272964495,0.3610549974758949
20,3,Persistence,2021-07-26,-0.6162195672213399,-1.015684260165628,0.539981949291037,0.36215453710706
20,3,Persistence,2021-07-27,-0.5125175333574599,-1.0038784450765017,0.598985712528424,0.366455404273602
20,3,Persistence,2021-07-28,-0.5174269304052187,-0.9815340376425308,0.596052260472,0.37473579887683
20,3,Persistence,2021-07-29,-0.5198970779050479,-1.0206896331446498,0.594581740419457,0.360346347679206
20,3,Persistence,2021-07-30,-0.6366978372816973,-0.791887284033072,0.529036507466165,0.452989068999998
20,3,Persistence,2021-08-02,-0.6512643441142543,-0.773455803197972,0.521386148342323,0.461415747871274
20,3,Persistence,2021-08-03,-0.6282582727610055,-0.7770447195582171,0.533520238962104,0.459762733384511
20,3,Persistence,2021-08-04,-0.5664464069526819,-0.8115025463373169,0.567538660934265,0.444190148279402
20,3,Persistence,2021-08-05,-0.6327249998105253,-0.7245476944776484,0.53114246406836,0.484543681181611
20,3,Persistence,2021-08-06,-0.628192954045643,-0.725945652862534,0.533555088956899,0.483866782527972
20,3,Persistence,2021-08-09,-0.5352910341091843,-0.7209239027441515,0.585498865205598,0.486302751895962
20,3,Persistence,2021-08-10,-0.484660217991049,-0.7315531345690486,0.615906435140412,0.481161101514698
20,3,Persistence,2021-08-11,-0.4848468714260628,-0.7318016905089945,0.615791484816916,0.481041520926694
20,3,Persistence,2021-08-12,-0.5018550891442446,-0.7166518296838078,0.605406534268979,0.488384716768103
20,3,Persistence,2021-08-13,-0.5019527872915435,-0.7167209318081276,0.605347390061405,0.488350969512706
20,3,Persistence,2021-08-16,-0.4810004605895066,-0.7173586157572382,0.618164632982717,0.488039655208532
20,3,Persistence,2021-08-17,-0.4865376073911069,-0.7089698425922534,0.614751223657852,0.492150929334939
20,3,Persistence,2021-08-18,-0.4857929415093495,-0.697701215172181,0.615209178410356,0.497728159640049
20,3,Persistence,2021-08-19,-0.5397019977745914,-0.6114851790742684,0.582921938528195,0.54254449468717
20,3,Persistence,2021-08-20,-0.4753733074456999,-0.6525199572165931,0.621652945470149,0.520731899890506
20,3,Persistence,2021-08-23,-0.4287808467756625,-0.657956305209087,0.651302648617213,0.517908700970835
20,3,Persistence,2021-08-24,-0.5252380734039911,-0.5480224814959793,0.591414547530608,0.57809186815442
20,3,Persistence,2021-08-25,-0.5193687166742752,-0.5442554301410013,0.59489597736762,0.580273676822191
20,3,Persistence,2021-08-26,-0.5117213800873334,-0.5493810068531579,0.599462786849153,0.577307048911879
20,3,Persistence,2021-08-27,-0.5035339884584444,-0.5456299948718022,0.604390970407066,0.579476601033454
20,3,Persistence,2021-08-30,-0.4948418315135867,-0.5521816144621117,0.60966732982938,0.575692500311837
20,3,Persistence,2021-08-31,-0.4876109173139039,-0.659841571033198,0.614091759037717,0.516933225201372
20,3,Persistence,2021-09-01,-0.4865394681795075,-0.6124928484542853,0.61475007973697,0.541998064569263
20,3,Persistence,2021-09-02,-0.4559532358763364,-0.6113714490849247,0.633843477540256,0.542606201775676
20,3,Persistence,2021-09-03,-0.4402027312681451,-0.6067411530193894,0.643905867996807,0.545124454766148
20,3,Persistence,2021-09-06,-0.5110213050747426,-0.5403402589430533,0.599882602701352,0.582550000799919
20,3,Persistence,2021-09-07,-0.5636471488865676,-0.49447023455989714,0.569129573757648,0.609893922449865
20,3,Persistence,2021-09-08,-0.5666849956453532,-0.5249056188925422,0.567403268779273,0.591611198652036
20,3,Persistence,2021-09-09,-0.5711313128468464,-0.5163136700145441,0.564886014268253,0.596716191339754
20,3,Persistence,2021-09-10,-0.5707338167147242,-0.5235832175292008,0.56511059890682,0.592394063624469
20,3,Persistence,2021-09-13,-0.5978901668028606,-0.52650788746952,0.549970759451327,0.590664037624458
20,3,Persistence,2021-09-14,-0.4601979980797681,-0.5259757600727184,0.631158664930692,0.590978429782105
20,3,Persistence,2021-09-15,-0.4192947804888181,-0.5165234546500979,0.65751034547661,0.596591022580725
20,3,Persistence,2021-09-16,-0.4346874390336901,-0.5060382298349962,0.647467008368182,0.602879323086232
20,3,Persistence,2021-09-17,-0.4771393547423497,-0.4546897379311089,0.620556045839756,0.634644843627316
20,3,Persistence,2021-09-22,-0.539766810069659,-0.46045391046259565,0.582884159243808,0.630997164278697
20,3,Persistence,2021-09-23,-0.5191041676483213,-0.4658696566964286,0.595053377338063,0.627589080750469
20,3,Persistence,2021-09-24,-0.4497159966894309,-0.46649883629987154,0.637809265845048,0.627194338696364
20,3,Persistence,2021-09-27,-0.4465620968061481,-0.5486018397945066,0.639824027923011,0.577757042834573
20,3,Persistence,2021-09-28,-0.3526304162229414,-0.5322601424505549,0.702836902499228,0.58727614083668
20,3,Persistence,2021-09-29,-0.3377591625319718,-0.5278667324395889,0.713367072730911,0.589861961839671
20,3,Persistence,2021-09-30,-0.354980996774176,-0.5169603047132186,0.701186767892461,0.596330458672677
20,3,Persistence,2021-10-08,-0.3755482802637278,-0.4705569685682747,0.686912554928506,0.624654258588394
20,3,Persistence,2021-10-11,-0.398797604430065,-0.45703597502318116,0.671126520643015,0.633157561795075
20,3,Persistence,2021-10-12,-0.4129184549695546,-0.4821304546139686,0.661716240298798,0.617466505155735
20,3,Persistence,2021-10-13,-0.4222198955083395,-0.4457460982979768,0.655589862276045,0.640346336447795
20,3,Persistence,2021-10-14,-0.370343529027656,-0.4486953531827869,0.690497084097252,0.638460574050916
20,3,Persistence,2021-10-15,-0.350223275299517,-0.5527611361205594,0.704530767838114,0.575358970692454
20,3,Persistence,2021-10-18,-0.3516567890999632,-0.5998203332603217,0.7035215368057132,0.548910248149769
20,3,Persistence,2021-10-19,-0.3519637262443165,-0.6078162645620743,0.703305633050351,0.544538700104849
20,3,Persistence,2021-10-20,-0.3520170499703844,-0.6178049649615176,0.703268131173311,0.539126541388943
20,3,Persistence,2021-10-21,-0.4203533717933925,-0.48607370346375633,0.656814679020416,0.615036475324419
20,3,Persistence,2021-10-22,-0.4382103155178231,-0.4562113000298059,0.645190075102332,0.633679926364048
20,3,Persistence,2021-10-25,-0.4143335000372147,-0.4568920675958891,0.660780544178995,0.633248684427318
20,3,Persistence,2021-10-26,-0.3974095508820522,-0.44728801709241905,0.672058727017669,0.639359735221632
20,3,Persistence,2021-10-27,-0.3664079571315379,-0.4605041938343475,0.69321993949791,0.63096543641141
20,3,Persistence,2021-10-28,-0.3807223395960763,-0.5046879482125874,0.683367607406023,0.603693929807198
20,3,Persistence,2021-10-29,-0.3967984314430539,-0.4870134548771665,0.672469560691334,0.614458765421799
20,3,Persistence,2021-11-01,-0.3517478912505708,-0.47339003518728195,0.703457447400097,0.622887075915077
20,3,Persistence,2021-11-02,-0.4639898762952695,-0.3751367848318057,0.62876991991589,0.6871952744719
20,3,Persistence,2021-11-03,-0.4743835782225818,-0.362959360953946,0.622268518131795,0.6956147020426
20,3,Persistence,2021-11-04,-0.451907767744046,-0.3769840500152824,0.636412864812495,0.685927014334166
20,3,Persistence,2021-11-05,-0.4749769768710323,-0.3656919019612485,0.621899374369699,0.693716500981227
20,3,Persistence,2021-11-08,-0.4797043675704129,-0.3801493164030061,0.618966351286694,0.683759305109676
20,3,Persistence,2021-11-09,-0.4109031827554349,-0.4153254645868159,0.663051123276008,0.660125398298569
20,3,Persistence,2021-11-10,-0.4402913661916632,-0.4155902813915603,0.64384879797868,0.659950609144435
20,3,Persistence,2021-11-11,-0.4909599506586418,-0.38377223228759655,0.612038585252742,0.681286584595816
20,3,Persistence,2021-11-12,-0.5226409050825738,-0.39358289192548984,0.59295254701553,0.674635393432309
20,3,Persistence,2021-11-15,-0.4917903422556005,-0.39176795768282324,0.611530564511803,0.675860924101546
20,3,Multi-scale Linear,2021-04-21,-0.3881349164654379,-1.0352822394187193,0.678320820442748,0.3551261361848595
20,3,Multi-scale Linear,2021-04-22,-0.3886205750929984,-1.1152783328042113,0.677991468066931,0.3278240220209493
20,3,Multi-scale Linear,2021-04-23,-0.3404340127265425,-1.0938861763804875,0.711461472411495,0.33491243265698534
20,3,Multi-scale Linear,2021-04-26,-0.3241246776489553,-1.0420318711023087,0.72316007486107,0.35273723672947793
20,3,Multi-scale Linear,2021-04-27,-0.3229586110322467,-1.0789646799731882,0.724003819518537,0.33994729776059146
20,3,Multi-scale Linear,2021-04-28,-0.3079320253444134,-1.0977259574144371,0.734965275322592,0.3336289080537639
20,3,Multi-scale Linear,2021-04-29,-0.2740662631800433,-1.090301370155156,0.760281694908886,0.3361151833565837
20,3,Multi-scale Linear,2021-04-30,-0.2870594930472558,-1.1175588854333265,0.750467079935481,0.3270772539312642
20,3,Multi-scale Linear,2021-05-06,-0.3670262444622913,-0.9462219422049847,0.692791462866379,0.3882049169887379
20,3,Multi-scale Linear,2021-05-07,-0.3773393358245034,-0.8969940346258172,0.685683357486285,0.40779363274857916
20,3,Multi-scale Linear,2021-05-10,-0.4360271651766177,-0.7020904183674239,0.646600160689293,0.4955483169971149
20,3,Multi-scale Linear,2021-05-11,-0.4281252012889481,-0.6989255395618734,0.651729812277925,0.4971191518024133
20,3,Multi-scale Linear,2021-05-12,-0.4285975695119521,-0.6498399831536439,0.651422028523976,0.5221293195638166
20,3,Multi-scale Linear,2021-05-13,-0.5823287917810298,-0.7338948837394247,0.558595996913595,0.48003566116821395
20,3,Multi-scale Linear,2021-05-14,-0.545100309874115,-0.7930792563218245,0.57978362240066,0.45244944025778766
20,3,Multi-scale Linear,2021-05-17,-0.5474454643588763,-0.8598454704909876,0.578425533325168,0.4232274783992441
20,3,Multi-scale Linear,2021-05-18,-0.5632580689964216,-0.7673216150067282,0.569351053713589,0.46425485781791453
20,3,Multi-scale Linear,2021-05-19,-0.587664726573949,-0.8188788033656915,0.555623303201639,0.4409257419274923
20,3,Multi-scale Linear,2021-05-20,-0.6203221349051565,-0.8809869311380785,0.537771174822782,0.41437375145019767
20,3,Multi-scale Linear,2021-05-21,-0.5532468619763966,-0.8916979271853269,0.575079571825121,0.4099590808024308
20,3,Multi-scale Linear,2021-05-24,-0.5658148793124157,-0.934289933793317,0.567897190484309,0.3928647264810053
20,3,Multi-scale Linear,2021-05-25,-0.549798135178503,-0.9936382137910644,0.577066288006944,0.37022727180660747
20,3,Multi-scale Linear,2021-05-26,-0.6269306235433418,-0.9836911430699911,0.534229037103505,0.37392832546695143
20,3,Multi-scale Linear,2021-05-27,-0.680297065498587,-0.9153614975869532,0.506466516287892,0.40037186646365674
20,3,Multi-scale Linear,2021-05-28,-0.6842263001640905,-0.8795395028321508,0.504480395018738,0.4149739620233775
20,3,Multi-scale Linear,2021-05-31,-0.6899979168310041,-0.8118169589018712,0.50157711393486,0.4440505112686973
20,3,Multi-scale Linear,2021-06-01,-0.7716815040336513,-0.6896371434791484,0.46223516417699,0.5017581022373836
20,3,Multi-scale Linear,2021-06-02,-0.7716813742491071,-0.6901990353524654,0.462235224167974,0.5014762476306875
20,3,Multi-scale Linear,2021-06-03,-0.7796645644743573,-0.7341703112095872,0.4585598027587,0.4799034643666216
20,3,Multi-scale Linear,2021-06-04,-0.7568036527464271,-0.7849352311205637,0.469163642845624,0.4561492451043462
20,3,Multi-scale Linear,2021-06-07,-0.8152738623511343,-0.8584136929249818,0.442518121712045,0.42383388002065914
20,3,Multi-scale Linear,2021-06-08,-0.8362227054031913,-0.9086603602449318,0.433344304951112,0.40306382283983716
20,3,Multi-scale Linear,2021-06-09,-0.7834250882194057,-0.8926530921933526,0.456838616042012,0.40956768918527137
20,3,Multi-scale Linear,2021-06-10,-0.7706660315596783,-0.9240158053532745,0.462704789668238,0.39692187528584355
20,3,Multi-scale Linear,2021-06-11,-0.8596355284811076,-0.7737435746627648,0.423316340954361,0.4612829846892745
20,3,Multi-scale Linear,2021-06-15,-0.838552076825389,-0.8455357408212893,0.432336059855735,0.4293272884332491
20,3,Multi-scale Linear,2021-06-16,-0.8561822911531097,-0.8585282518629875,0.42478067964384,0.4237853288425119
20,3,Multi-scale Linear,2021-06-17,-0.8675410435409325,-0.8528932221657944,0.419983000492829,0.42618011275810946
20,3,Multi-scale Linear,2021-06-18,-0.8766789625673955,-0.8956320554630574,0.416162711172376,0.4083494175768519
20,3,Multi-scale Linear,2021-06-21,-1.0923341720852664,-0.9566379239964878,0.335432621754433,0.3841823674116183
20,3,Multi-scale Linear,2021-06-22,-1.1043121020483535,-0.934484032959215,0.3314387999125,0.3927884791652942
20,3,Multi-scale Linear,2021-06-23,-1.0230249083765648,-0.9127175487512202,0.35950582159042294,0.4014318298208259
20,3,Multi-scale Linear,2021-06-24,-0.980208694666691,-0.9490736692979019,0.3752327815992,0.3870994395185607
20,3,Multi-scale Linear,2021-06-25,-0.9870250845531376,-0.9282917269053077,0.37268374614108396,0.3952282918801137
20,3,Multi-scale Linear,2021-06-28,-0.9853523554966938,-0.955323993034625,0.373307666751707,0.3846874882934746
20,3,Multi-scale Linear,2021-06-29,-1.021072440091112,-0.9640520460229431,0.36020843099359895,0.3813445255117657
20,3,Multi-scale Linear,2021-06-30,-0.9967193128549996,-1.0053180894491853,0.369088320418051,0.36592821838415235
20,3,Multi-scale Linear,2021-07-01,-0.9778181887748484,-1.0100108230649314,0.37613085076657393,0.36421503762719015
20,3,Multi-scale Linear,2021-07-02,-0.7497946058342168,-1.0277151411043288,0.472463584039549,0.357823603700703
20,3,Multi-scale Linear,2021-07-05,-0.7662444170044991,-0.974824797818248,0.464755221670369,0.3772584442758908
20,3,Multi-scale Linear,2021-07-06,-0.7650603921626422,-0.9833363617345863,0.46530582930044,0.3740610117935306
20,3,Multi-scale Linear,2021-07-07,-0.7677591156660923,-0.9751284787754528,0.464051790435802,0.3771438954644462
20,3,Multi-scale Linear,2021-07-08,-0.7356051590811108,-0.9729795591850736,0.479215369675893,0.37795521879188343
20,3,Multi-scale Linear,2021-07-09,-0.7461815933096634,-1.0221787031323892,0.474173688339919,0.35981016605274363
20,3,Multi-scale Linear,2021-07-12,-0.6956815915470093,-1.035402031294172,0.498734398960496,0.3550835975069285
20,3,Multi-scale Linear,2021-07-13,-0.719401708369643,-0.982717255219689,0.487043562895331,0.374292667105158
20,3,Multi-scale Linear,2021-07-14,-0.7078471685204394,-1.021621982719791,0.492703764691617,0.3600105354865473
20,3,Multi-scale Linear,2021-07-15,-0.6728525171743234,-1.0088241602010934,0.510251000151118,0.3646474946263766
20,3,Multi-scale Linear,2021-07-16,-0.673206542623682,-1.0016011877519944,0.510070390283635,0.3672908684494935
20,3,Multi-scale Linear,2021-07-19,-0.674545430697555,-1.055848394869621,0.509387920098795,0.347897147911703
20,3,Multi-scale Linear,2021-07-20,-0.6663234502187796,-1.1094060388776315,0.513593362475565,0.32975476442962953
20,3,Multi-scale Linear,2021-07-21,-0.7100728907475371,-1.1218092269000883,0.491608362453926,0.32569001412589993
20,3,Multi-scale Linear,2021-07-22,-0.6342123909496913,-1.1530155362056085,0.530353034714323,0.31568337795261475
20,3,Multi-scale Linear,2021-07-23,-0.6291695548864009,-1.1667894088695188,0.533034272964495,0.31136500394256894
20,3,Multi-scale Linear,2021-07-26,-0.6162195672213399,-1.154725410215056,0.539981949291037,0.31514406036340215
20,3,Multi-scale Linear,2021-07-27,-0.5125175333574599,-1.183383117510385,0.598985712528424,0.30624093501558886
20,3,Multi-scale Linear,2021-07-28,-0.5174269304052187,-1.1501998205414867,0.596052260472,0.3165735051692961
20,3,Multi-scale Linear,2021-07-29,-0.5198970779050479,-1.1690283677797315,0.594581740419457,0.3106686503371161
20,3,Multi-scale Linear,2021-07-30,-0.6366978372816973,-1.094190777647824,0.529036507466165,0.3348104334408852
20,3,Multi-scale Linear,2021-08-02,-0.6512643441142543,-1.0813840911426615,0.521386148342323,0.3391258196187667
20,3,Multi-scale Linear,2021-08-03,-0.6282582727610055,-1.0661287701948605,0.533520238962104,0.3443389557695115
20,3,Multi-scale Linear,2021-08-04,-0.5664464069526819,-1.0830507141500227,0.567538660934265,0.3385610954472647
20,3,Multi-scale Linear,2021-08-05,-0.6327249998105253,-1.0643760617440414,0.53114246406836,0.3449430107787573
20,3,Multi-scale Linear,2021-08-06,-0.628192954045643,-1.0628753005758587,0.533555088956899,0.3454610765037955
20,3,Multi-scale Linear,2021-08-09,-0.5352910341091843,-1.1374080462458755,0.585498865205598,0.3206490531672845
20,3,Multi-scale Linear,2021-08-10,-0.484660217991049,-1.1602454535160116,0.615906435140412,0.3134092440398822
20,3,Multi-scale Linear,2021-08-11,-0.4848468714260628,-1.1626653909489835,0.615791484816916,0.3126517302160926
20,3,Multi-scale Linear,2021-08-12,-0.5018550891442446,-1.1663908149190412,0.605406534268979,0.31148913688720775
20,3,Multi-scale Linear,2021-08-13,-0.5019527872915435,-1.1756930714205116,0.605347390061405,0.30860502023224307
20,3,Multi-scale Linear,2021-08-16,-0.4810004605895066,-1.144398962409815,0.618164632982717,0.31841523981721254
20,3,Multi-scale Linear,2021-08-17,-0.4865376073911069,-1.1411117366133472,0.614751223657852,0.31946366486837124
20,3,Multi-scale Linear,2021-08-18,-0.4857929415093495,-1.1797200968482213,0.615209178410356,0.30736475892665877
20,3,Multi-scale Linear,2021-08-19,-0.5397019977745914,-1.152241655149545,0.582921938528195,0.3159277738930234
20,3,Multi-scale Linear,2021-08-20,-0.4753733074456999,-1.141169970046597,0.621652945470149,0.3194450619440288
20,3,Multi-scale Linear,2021-08-23,-0.4287808467756625,-1.1563688749753,0.651302648617213,0.3146265575710761
20,3,Multi-scale Linear,2021-08-24,-0.5252380734039911,-0.9750506028243915,0.591414547530608,0.3771732670476476
20,3,Multi-scale Linear,2021-08-25,-0.5193687166742752,-0.9640075000730324,0.59489597736762,0.38136151324426243
20,3,Multi-scale Linear,2021-08-26,-0.5117213800873334,-0.940020888130055,0.599462786849153,0.3906196759587106
20,3,Multi-scale Linear,2021-08-27,-0.5035339884584444,-0.8957916808292999,0.604390970407066,0.4082842398536636
20,3,Multi-scale Linear,2021-08-30,-0.4948418315135867,-0.9125214104948597,0.60966732982938,0.401510573682064
20,3,Multi-scale Linear,2021-08-31,-0.4876109173139039,-1.1178821807385968,0.614091759037717,0.3269715284817991
20,3,Multi-scale Linear,2021-09-01,-0.4865394681795075,-1.107679810929583,0.61475007973697,0.3303244879148167
20,3,Multi-scale Linear,2021-09-02,-0.4559532358763364,-1.128451795171407,0.633843477540256,0.3235337654148875
20,3,Multi-scale Linear,2021-09-03,-0.4402027312681451,-1.1403177029419604,0.643905867996807,0.31971743051096074
20,3,Multi-scale Linear,2021-09-06,-0.5110213050747426,-1.1189037064431693,0.599882602701352,0.3266376892025246
20,3,Multi-scale Linear,2021-09-07,-0.5636471488865676,-1.0156285189516168,0.569129573757648,0.3621747246032506
20,3,Multi-scale Linear,2021-09-08,-0.5666849956453532,-1.0219365678631465,0.567403268779273,0.3598972993327715
20,3,Multi-scale Linear,2021-09-09,-0.5711313128468464,-1.050550695566122,0.564886014268253,0.349745092996604
20,3,Multi-scale Linear,2021-09-10,-0.5707338167147242,-1.0667469790220205,0.56511059890682,0.34412614817406434
20,3,Multi-scale Linear,2021-09-13,-0.5978901668028606,-1.1054382672203436,0.549970759451327,0.33106575517381465
20,3,Multi-scale Linear,2021-09-14,-0.4601979980797681,-1.1964044085769048,0.631158664930692,0.3022791325340348
20,3,Multi-scale Linear,2021-09-15,-0.4192947804888181,-1.1892963931315994,0.65751034547661,0.30443539155956834
20,3,Multi-scale Linear,2021-09-16,-0.4346874390336901,-1.1834994576483906,0.647467008368182,0.3062053089753556
20,3,Multi-scale Linear,2021-09-17,-0.4771393547423497,-1.169177015872487,0.620556045839756,0.31062247346690147
20,3,Multi-scale Linear,2021-09-22,-0.539766810069659,-1.0798992017725229,0.582884159243808,0.33962975799723455
20,3,Multi-scale Linear,2021-09-23,-0.5191041676483213,-1.0701361560504725,0.595053377338063,0.34296181791297875
20,3,Multi-scale Linear,2021-09-24,-0.4497159966894309,-1.0387355160788951,0.637809265845048,0.35390190241290387
20,3,Multi-scale Linear,2021-09-27,-0.4465620968061481,-1.0193053031239663,0.639824027923011,0.36084553138391773
20,3,Multi-scale Linear,2021-09-28,-0.3526304162229414,-1.026810150803305,0.702836902499228,0.35814757716584
20,3,Multi-scale Linear,2021-09-29,-0.3377591625319718,-1.0968847729181017,0.713367072730911,0.3339096695883177
20,3,Multi-scale Linear,2021-09-30,-0.354980996774176,-1.032191722233254,0.701186767892461,0.3562253573177322
20,3,Multi-scale Linear,2021-10-08,-0.3755482802637278,-0.9462784199858607,0.686912554928506,0.38818299265562584
20,3,Multi-scale Linear,2021-10-11,-0.398797604430065,-0.9137579998829336,0.671126520643015,0.4010143768265623
20,3,Multi-scale Linear,2021-10-12,-0.4129184549695546,-0.9358819373331723,0.661716240298798,0.3922397820346409
20,3,Multi-scale Linear,2021-10-13,-0.4222198955083395,-0.9700151594950983,0.655589862276045,0.3790772914394992
20,3,Multi-scale Linear,2021-10-14,-0.370343529027656,-1.0158658346539768,0.690497084097252,0.36208878505191017
20,3,Multi-scale Linear,2021-10-15,-0.350223275299517,-1.1484509358533437,0.704530767838114,0.31712764014300415
20,3,Multi-scale Linear,2021-10-18,-0.3516567890999632,-1.2225226877878979,0.7035215368057132,0.2944863320133961
20,3,Multi-scale Linear,2021-10-19,-0.3519637262443165,-1.2164771037035667,0.703305633050351,0.2962720663599315
20,3,Multi-scale Linear,2021-10-20,-0.3520170499703844,-1.2375465249529434,0.703268131173311,0.290095086589432
20,3,Multi-scale Linear,2021-10-21,-0.4203533717933925,-1.148981200104529,0.656814679020416,0.31695952326949683
20,3,Multi-scale Linear,2021-10-22,-0.4382103155178231,-1.0656305582358274,0.645190075102332,0.3445105522974086
20,3,Multi-scale Linear,2021-10-25,-0.4143335000372147,-1.0552829484882558,0.660780544178995,0.3480939207220709
20,3,Multi-scale Linear,2021-10-26,-0.3974095508820522,-1.0130370502240993,0.672058727017669,0.36311450625739916
20,3,Multi-scale Linear,2021-10-27,-0.3664079571315379,-1.0354666070675191,0.69321993949791,0.3550606684493554
20,3,Multi-scale Linear,2021-10-28,-0.3807223395960763,-1.085195925805814,0.683367607406023,0.33783558870010677
20,3,Multi-scale Linear,2021-10-29,-0.3967984314430539,-1.1489213616619152,0.672469560691334,0.3169784902012111
20,3,Multi-scale Linear,2021-11-01,-0.3517478912505708,-1.145625119949548,0.703457447400097,0.31802505183499896
20,3,Multi-scale Linear,2021-11-02,-0.4639898762952695,-1.123753607662619,0.62876991991589,0.3250573639835856
20,3,Multi-scale Linear,2021-11-03,-0.4743835782225818,-1.0655282923811267,0.622268518131795,0.34454578576505235
20,3,Multi-scale Linear,2021-11-04,-0.451907767744046,-1.0735162810781553,0.636412864812495,0.3418045210945482
20,3,Multi-scale Linear,2021-11-05,-0.4749769768710323,-1.0709596272353215,0.621899374369699,0.34267951498853844
20,3,Multi-scale Linear,2021-11-08,-0.4797043675704129,-1.049237813928399,0.618966351286694,0.35020456845953385
20,3,Multi-scale Linear,2021-11-09,-0.4109031827554349,-1.0869584084932862,0.663051123276008,0.3372406837326621
20,3,Multi-scale Linear,2021-11-10,-0.4402913661916632,-1.1256493289756073,0.64384879797868,0.3244417295307848
20,3,Multi-scale Linear,2021-11-11,-0.4909599506586418,-1.0207856814604122,0.612038585252742,0.3603117386815149
20,3,Multi-scale Linear,2021-11-12,-0.5226409050825738,-1.0361635771973843,0.59295254701553,0.3548132879875667
20,3,Multi-scale Linear,2021-11-15,-0.4917903422556005,-1.06025737320356,0.611530564511803,0.3463666533620602
20,4,Persistence,2021-11-16,-0.4795213547057284,-0.3953629862980647,0.619079640458158,0.673435547001693
20,4,Persistence,2021-11-17,-0.4796596719026518,-0.39903871702202753,0.618994017019351,0.670964723094585
20,4,Persistence,2021-11-18,-0.501977140739353,-0.3668403032868475,0.605332647944846,0.692920293302392
20,4,Persistence,2021-11-19,-0.5406041524187477,-0.34159152054146963,0.582396289937981,0.710638426630016
20,4,Persistence,2021-11-22,-0.5712082819915811,-0.415292235161337,0.564842537148082,0.660147334250756
20,4,Persistence,2021-11-23,-0.5882666661868756,-0.42622917430403595,0.555288952165239,0.652966681787322
20,4,Persistence,2021-11-24,-0.6366226045508082,-0.39495973663262335,0.529076309824563,0.673707164421854
20,4,Persistence,2021-11-25,-0.6380703265226025,-0.41173927502634167,0.52831090860384,0.662496983045084
20,4,Persistence,2021-11-26,-0.7053548882482005,-0.36719590226055937,0.49393325204154,0.692673935362141
20,4,Persistence,2021-11-29,-0.771249075011474,-0.3308674239611904,0.462435091301081,0.718300392148946
20,4,Persistence,2021-11-30,-0.7692712891487302,-0.3862801628550724,0.463350593922738,0.679580105904572
20,4,Persistence,2021-12-01,-0.7944001190073655,-0.38421844014701084,0.451852211190683,0.680982656979744
20,4,Persistence,2021-12-02,-0.8436318743194585,-0.4712857617394659,0.430145448863004,0.624199180679358
20,4,Persistence,2021-12-03,-0.8321951891142108,-0.4968398629992165,0.435093125535784,0.608450411434097
20,4,Persistence,2021-12-06,-0.827260671357187,-0.49868146893144577,0.43724540615593,0.607330916697405
20,4,Persistence,2021-12-07,-1.013341396060155,-0.4501080062730741,0.36300401068469496,0.637559287500455
20,4,Persistence,2021-12-08,-0.9650390527534144,-0.4545010033819162,0.3809683215869011,0.634764634339743
20,4,Persistence,2021-12-09,-0.991662084609679,-0.44992982480805643,0.370959612083344,0.637672898869757
20,4,Persistence,2021-12-10,-0.9591353247543514,-0.47850799790887383,0.38322410715409,0.619707306990972
20,4,Persistence,2021-12-13,-0.996019579818341,-0.5062379024111336,0.36934667408805,0.602758956636031
20,4,Persistence,2021-12-14,-1.013774230830916,-0.5239211623290164,0.36284692392570306,0.592193900955097
20,4,Persistence,2021-12-15,-1.00234192812578,-0.5269619301514454,0.367018902015005,0.590395911815585
20,4,Persistence,2021-12-16,-1.066534901171641,-0.5058739770632636,0.344199137447259,0.602978355819047
20,4,Persistence,2021-12-17,-1.0385717852460483,-0.5056666675488606,0.35395985181005407,0.603103371927254
20,4,Persistence,2021-12-20,-1.0296693867972713,-0.5488306581218669,0.3571250112972669,0.577624856558309
20,4,Persistence,2021-12-21,-1.0793082679496149,-0.5569862497853532,0.339830516020012,0.572933141953037
20,4,Persistence,2021-12-22,-1.0825130397194591,-0.583308891084186,0.33874318003819803,0.558048785570806
20,4,Persistence,2021-12-23,-1.0650855200060445,-0.6328564725752335,0.34469837489957394,0.531072637890376
20,4,Persistence,2021-12-24,-1.0902443570071378,-0.6645394673935237,0.336134346887565,0.51451042197937
20,4,Persistence,2021-12-27,-1.1291116350487007,-0.6261902756799047,0.323320355350794,0.534624698875312
20,4,Persistence,2021-12-28,-1.1317984912373171,-0.7014142494910701,0.32245280606511495,0.495883504654758
20,4,Persistence,2021-12-29,-1.141884133192998,-0.8060180116807999,0.31921700749722204,0.446633017418471
20,4,Persistence,2021-12-30,-0.8784964757024223,-0.8086879084199835,0.415407016928646,0.445442143843804
20,4,Persistence,2021-12-31,-0.8843718012894345,-0.8295982195702801,0.412973521243035,0.436224517591063
20,4,Persistence,2022-01-04,-0.8899074439217713,-0.8730503811674385,0.410693763197344,0.417675534486867
20,4,Persistence,2022-01-05,-0.8061082189925047,-0.8724125011659766,0.446592729671803,0.417942046349673
20,4,Persistence,2022-01-06,-0.7610420114000805,-0.8394517957194,0.467179367066607,0.431947253868395
20,4,Persistence,2022-01-07,-0.7495169236514438,-1.0122575792818738,0.47259479697575,0.363397653802033
20,4,Persistence,2022-01-10,-0.7344225219203563,-0.9805939867794581,0.479782442834878,0.375088235216077
20,4,Persistence,2022-01-11,-0.517602888494491,-0.9593546787629899,0.595947389481861,0.383140054628945
20,4,Persistence,2022-01-12,-0.5086566536491639,-0.9460567384322686,0.601302794420437,0.388269055203403
20,4,Persistence,2022-01-13,-0.4699514892518198,-1.0160801657162957,0.625032588345768,0.36201118649414393
20,4,Persistence,2022-01-14,-0.4704353688792383,-1.0483229555732017,0.624730220970401,0.350525102634345
20,4,Persistence,2022-01-17,-0.4635171478725531,-1.0227712280121535,0.629067227595742,0.35959703272700005
20,4,Persistence,2022-01-18,-0.4502017156142763,-1.0750249440035213,0.637499545038903,0.341289242074761
20,4,Persistence,2022-01-19,-0.4542439332829579,-1.040168372043712,0.634927834323127,0.353395175081407
20,4,Persistence,2022-01-20,-0.4553634587938592,-1.0369642304821627,0.634217414155971,0.35452931925847403
20,4,Persistence,2022-01-21,-0.4440119728230717,-1.1048243574000385,0.641457740721306,0.331269062091754
20,4,Persistence,2022-01-24,-0.4308362785354625,-1.090354196447475,0.649965315337482,0.336097428106631
20,4,Persistence,2022-01-25,-0.4200696621352666,-1.0313205976780124,0.657001050124844,0.3565358091751771
20,4,Persistence,2022-01-26,-0.4142906472166802,-1.0658604845152841,0.660808861095793,0.344431349373651
20,4,Persistence,2022-01-27,-0.3738835619893894,-1.1628689788748592,0.68805702315585,0.31258808457777804
20,4,Persistence,2022-01-28,-0.4498665589425799,-0.9159221442178643,0.637713243073787,0.400147462237227
20,4,Persistence,2022-02-07,-0.3851112506854729,-0.9171502167213077,0.680374939815595,0.399656353761661
20,4,Persistence,2022-02-08,-0.3735270511966587,-0.9175924325810692,0.688302366641821,0.399479658455186
20,4,Persistence,2022-02-09,-0.3870406468625409,-0.8467009822764164,0.679063492565227,0.428827309833417
20,4,Persistence,2022-02-10,-0.4226810063418773,-0.7774979164799295,0.655287632374288,0.459554417536639
20,4,Persistence,2022-02-11,-0.4240756483333921,-0.7678454543179459,0.654374377705339,0.464011726559381
20,4,Persistence,2022-02-14,-0.3560315925113969,-0.7615995981493261,0.700450490895577,0.466918946652243
20,4,Persistence,2022-02-15,-0.5226328512893884,-0.5327406315961392,0.592957322551943,0.586994028806859
20,4,Persistence,2022-02-16,-0.4729826819207989,-0.5307469626358773,0.623140862687027,0.588165467924843
20,4,Persistence,2022-02-17,-0.5153064381388031,-0.507796836204799,0.597317525699171,0.601820027383522
20,4,Persistence,2022-02-18,-0.5010776407129015,-0.5136307110134086,0.605877389638539,0.598319306000249
20,4,Persistence,2022-02-21,-0.5185033068845232,-0.5017373458371381,0.595411029003537,0.605477821033155
20,4,Persistence,2022-02-22,-0.5072413416877045,-0.4861194250065653,0.602154427979261,0.615008355550728
20,4,Persistence,2022-02-23,-0.5013875382210333,-0.4871251763889882,0.605689658835413,0.614390120994175
20,4,Persistence,2022-02-24,-0.5011847885445512,-0.48986511432575386,0.605812474667805,0.612709034282014
20,4,Persistence,2022-02-25,-0.4842448491745699,-0.48535382285474343,0.61616231660635,0.615479387559678
20,4,Persistence,2022-02-28,-0.4945578661891201,-0.4673597535033356,0.609840478793499,0.626654608665036
20,4,Persistence,2022-03-01,-0.5289039418776834,-0.44395880095852647,0.589250468623766,0.641491849132203
20,4,Persistence,2022-03-02,-0.5212698404782731,-0.44228780150007463,0.593766080841048,0.642564677763102
20,4,Persistence,2022-03-03,-0.5778577177200828,-0.4184364978966473,0.561099112623929,0.658074917406777
20,4,Persistence,2022-03-04,-0.564721120941926,-0.4158576608252761,0.568518672603657,0.659774175512695
20,4,Persistence,2022-03-07,-0.6653230795051719,-0.35880537413017505,0.514107403306917,0.698510286294968
20,4,Persistence,2022-03-08,-0.6663455680024348,-0.41804756114543135,0.51358200305431,0.658330916707751
20,4,Persistence,2022-03-09,-0.6927844936615645,-0.4014178723287325,0.500181376338613,0.669370291265587
20,4,Persistence,2022-03-10,-0.6203552842061109,-0.4012357476594233,0.537753348379732,0.669492211210507
20,4,Persistence,2022-03-11,-0.5464563808514219,-0.429871073901945,0.578997927506629,0.650592967729242
20,4,Persistence,2022-03-14,-0.6323203420688753,-0.38218591751902015,0.531357438470959,0.682368177212955
20,4,Persistence,2022-03-15,-0.6242867306698592,-0.38701030371093115,0.535643350269904,0.679084097804347
20,4,Persistence,2022-03-16,-0.7090784995969059,-0.35700360320944136,0.492097456594267,0.699769976312283
20,4,Persistence,2022-03-17,-0.709214457984437,-0.5057491892513089,0.492030556365487,0.60305360486371
20,4,Persistence,2022-03-18,-0.691830326581217,-0.5066675174215656,0.500658860705824,0.602500057957949
20,4,Persistence,2022-03-21,-0.6880627719029304,-0.5486988479683788,0.502548678098469,0.577700998397334
20,4,Persistence,2022-03-22,-0.7308138005790229,-0.5205651839045824,0.481516971809018,0.594184629462347
20,4,Persistence,2022-03-23,-0.7356216484532655,-0.5231516564079673,0.479207467780469,0.592649773043932
20,4,Persistence,2022-03-24,-0.5055342643586362,-0.5399978542851896,0.603183230024349,0.582749502786887
20,4,Persistence,2022-03-25,-0.5365136971328477,-0.5143493626856963,0.584783434846962,0.597889477297487
20,4,Persistence,2022-03-28,-0.5407422196826461,-0.5037555437442571,0.582315885626454,0.604257079225572
20,4,Persistence,2022-03-29,-0.5246590703077507,-0.5205006319903577,0.591757077538188,0.594222986455577
20,4,Persistence,2022-03-30,-0.5344029165227631,-0.525844986862936,0.586019088019938,0.591055718981848
20,4,Persistence,2022-03-31,-0.5343974830730586,-0.5591051437881079,0.586022272133829,0.57172044259899
20,4,Persistence,2022-04-01,-0.4990909093834849,-0.5510674851014921,0.607082301752316,0.576334253660864
20,4,Persistence,2022-04-06,-0.49037972696669,-0.6056479017023412,0.612393807584535,0.545720738678973
20,4,Persistence,2022-04-07,-0.4843439450371898,-0.596220010492171,0.616101260495326,0.550890064063425
20,4,Persistence,2022-04-08,-0.4468868304248028,-0.683899420384177,0.639616289282807,0.504645326414133
20,4,Persistence,2022-04-11,-0.4815852161557106,-0.6357361251024887,0.617803263439473,0.529545533047459
20,4,Persistence,2022-04-12,-0.5311645131219226,-0.5874870091957267,0.587919930413557,0.555722055893138
20,4,Persistence,2022-04-13,-0.5663257577615162,-0.5514090031438447,0.567607138145439,0.576137458721237
20,4,Persistence,2022-04-14,-0.5730297676030237,-0.5502451542889406,0.563814621045334,0.576808385996074
20,4,Persistence,2022-04-15,-0.5355432821544338,-0.6662909133675076,0.585351192887164,0.513610073458274
20,4,Persistence,2022-04-18,-0.5161313339397543,-0.6656677827538151,0.596825004147795,0.513930219354542
20,4,Persistence,2022-04-19,-0.5273419226436158,-0.7180064826782315,0.590171608421189,0.487723572860494
20,4,Persistence,2022-04-20,-0.5191923830542398,-0.7156853568017204,0.59500088677811,0.4888569555191
20,4,Persistence,2022-04-21,-0.4936269743171662,-0.7345769975369137,0.61040843865199,0.479708333870369
20,4,Persistence,2022-04-22,-0.4938119915208739,-0.7183487960944824,0.610295513036464,0.487556647110174
20,4,Persistence,2022-04-25,-0.706039546600917,-0.5383408096919464,0.493595192255779,0.583715945197643
20,4,Persistence,2022-04-26,-0.6837574579635362,-0.5470421242925855,0.504716972171618,0.578658882574511
20,4,Persistence,2022-04-27,-0.6882462356996113,-0.5397762041804829,0.502456487067085,0.582878683591138
20,4,Persistence,2022-04-28,-0.7039548837532285,-0.5599669595659801,0.494625245098283,0.57122793715599
20,4,Persistence,2022-04-29,-0.7098733811848906,-0.5643560551815775,0.491706452807969,0.568726257193851
20,4,Persistence,2022-05-05,-0.6830606777133702,-0.5644092229461939,0.505068771538943,0.568696020093904
20,4,Persistence,2022-05-06,-0.7597606592050596,-0.5296502677832257,0.467778372060291,0.588810859800311
20,4,Persistence,2022-05-09,-0.7743704265146697,-0.5213056529584215,0.460993919206152,0.593744816985823
20,4,Persistence,2022-05-10,-0.8112395478416607,-0.518209254398273,0.44430698498345,0.595586136841142
20,4,Persistence,2022-05-11,-0.9078534907724776,-0.47556324304138947,0.40338917397423507,0.621534882660159
20,4,Persistence,2022-05-12,-0.941398556730581,-0.4738734406771118,0.390081902018587,0.622586041649706
20,4,Persistence,2022-05-13,-0.9830951053968656,-0.46365499819046896,0.37415126727023507,0.628980516455144
20,4,Persistence,2022-05-16,-0.9916120227512992,-0.5081471943450312,0.37097818347576406,0.601609211770613
20,4,Persistence,2022-05-17,-0.9281196516940612,-0.574531391521544,0.39529630672359606,0.562968618872279
20,4,Persistence,2022-05-18,-1.025827423286501,-0.5718949886569854,0.358499711642778,0.564454789162719
20,4,Persistence,2022-05-19,-0.9428266718279592,-0.558726629285458,0.389525217764308,0.57193688803926
20,4,Persistence,2022-05-20,-0.6776633909666907,-0.5477571836254455,0.507802142283163,0.578245255041722
20,4,Persistence,2022-05-23,-0.6922911107571499,-0.5383214836177833,0.500428218167567,0.583727226244299
20,4,Persistence,2022-05-24,-0.6578580837762731,-0.5379747103448015,0.517959573203842,0.583929682346226
20,4,Persistence,2022-05-25,-0.605409965205828,-0.5296240202735735,0.54585060100849,0.588826314821864
20,4,Persistence,2022-05-26,-0.608072376536495,-0.5228706146907478,0.544399255080749,0.592816355761108
20,4,Persistence,2022-05-27,-0.5780087429004322,-0.5140809740672302,0.561014378927873,0.598049965563943
20,4,Persistence,2022-05-30,-0.5476025823476347,-0.7166837826264832,0.578334659407876,0.48836911168856
20,4,Persistence,2022-05-31,-0.5517972449646755,-0.7180977398407455,0.575913821480688,0.487679066621931
20,4,Persistence,2022-06-01,-0.551100177520784,-0.7241275220243584,0.576315412207779,0.484747315866706
20,4,Persistence,2022-06-02,-0.512123474987842,-0.7198960853451045,0.599221794373686,0.486802839280798
20,4,Persistence,2022-06-06,-0.4893138553154135,-0.7274495916337677,0.613046888771989,0.483139623452039
20,4,Persistence,2022-06-07,-0.4732172342334376,-0.7272291999578236,0.622994720696225,0.483246115137876
20,4,Persistence,2022-06-08,-0.4727003537512071,-0.8068715221118793,0.623316817743553,0.446251974114589
20,4,Persistence,2022-06-09,-0.4701927633835314,-0.8217493116364155,0.624881802341836,0.439661875775471
20,4,Persistence,2022-06-10,-0.4720763918384925,-0.8549862471426803,0.623705865060111,0.425289039981541
20,4,Persistence,2022-06-13,-0.4683796740947358,-0.9453632263816926,0.626015796550154,0.388538417864382
20,4,Multi-scale Linear,2021-11-16,-0.4795213547057284,-0.4845609192799465,0.619079640458158,0.6159675968921725
20,4,Multi-scale Linear,2021-11-17,-0.4796596719026518,-0.4837992529762909,0.618994017019351,0.6164369373725933
20,4,Multi-scale Linear,2021-11-18,-0.501977140739353,-0.5620755770144463,0.605332647944846,0.5700247049846513
20,4,Multi-scale Linear,2021-11-19,-0.5406041524187477,-0.48818661635070404,0.582396289937981,0.6137383287480321
20,4,Multi-scale Linear,2021-11-22,-0.5712082819915811,-0.4303662828881438,0.564842537148082,0.6502708680051861
20,4,Multi-scale Linear,2021-11-23,-0.5882666661868756,-0.367046235812015,0.555288952165239,0.6927776131683968
20,4,Multi-scale Linear,2021-11-24,-0.6366226045508082,-0.28755666476141606,0.529076309824563,0.7500940616656785
20,4,Multi-scale Linear,2021-11-25,-0.6380703265226025,-0.28740464228126483,0.52831090860384,0.7502081014933687
20,4,Multi-scale Linear,2021-11-26,-0.7053548882482005,-0.3258474820502586,0.49393325204154,0.7219152840746593
20,4,Multi-scale Linear,2021-11-29,-0.771249075011474,-0.2543247591732787,0.462435091301081,0.7754399299192299
20,4,Multi-scale Linear,2021-11-30,-0.7692712891487302,-0.34215046734534105,0.463350593922738,0.7102413285414352
20,4,Multi-scale Linear,2021-12-01,-0.7944001190073655,-0.3568409651210813,0.451852211190683,0.6998837948188834
20,4,Multi-scale Linear,2021-12-02,-0.8436318743194585,-0.3620238838515,0.430145448863004,0.6962657381356869
20,4,Multi-scale Linear,2021-12-03,-0.8321951891142108,-0.39678495042874307,0.435093125535784,0.6724786263242121
20,4,Multi-scale Linear,2021-12-06,-0.827260671357187,-0.4980337641926773,0.43724540615593,0.6077244152318265
20,4,Multi-scale Linear,2021-12-07,-1.013341396060155,-0.34189665935876,0.36300401068469496,0.7104216163412927
20,4,Multi-scale Linear,2021-12-08,-0.9650390527534144,-0.383562405069084,0.3809683215869011,0.6814295520635801
20,4,Multi-scale Linear,2021-12-09,-0.991662084609679,-0.3832899782713728,0.370959612083344,0.6816152170232216
20,4,Multi-scale Linear,2021-12-10,-0.9591353247543514,-0.39581503419583686,0.38322410715409,0.6731311906753874
20,4,Multi-scale Linear,2021-12-13,-0.996019579818341,-0.3572391732716269,0.36934667408805,0.6996051508701796
20,4,Multi-scale Linear,2021-12-14,-1.013774230830916,-0.47071212093954284,0.36284692392570306,0.6245573495169817
20,4,Multi-scale Linear,2021-12-15,-1.00234192812578,-0.47152461228671605,0.367018902015005,0.6240501081671939
20,4,Multi-scale Linear,2021-12-16,-1.066534901171641,-0.45021026982510537,0.344199137447259,0.6374940917567157
20,4,Multi-scale Linear,2021-12-17,-1.0385717852460483,-0.4586747833097289,0.35395985181005407,0.6321207877051378
20,4,Multi-scale Linear,2021-12-20,-1.0296693867972713,-0.5274895327499134,0.3571250112972669,0.5900844995565686
20,4,Multi-scale Linear,2021-12-21,-1.0793082679496149,-0.45998534412241265,0.339830516020012,0.631292897590556
20,4,Multi-scale Linear,2021-12-22,-1.0825130397194591,-0.470593622969693,0.33874318003819803,0.6246313626800725
20,4,Multi-scale Linear,2021-12-23,-1.0650855200060445,-0.5389316613886972,0.34469837489957394,0.5833711575102282
20,4,Multi-scale Linear,2021-12-24,-1.0902443570071378,-0.5053181249929182,0.336134346887565,0.6033136157553353
20,4,Multi-scale Linear,2021-12-27,-1.1291116350487007,-0.49119731610664585,0.323320355350794,0.6118933256802416
20,4,Multi-scale Linear,2021-12-28,-1.1317984912373171,-0.5568576038266391,0.32245280606511495,0.5730068522275255
20,4,Multi-scale Linear,2021-12-29,-1.141884133192998,-0.5958626167105359,0.31921700749722204,0.5510869839335584
20,4,Multi-scale Linear,2021-12-30,-0.8784964757024223,-0.6105183070614904,0.415407016928646,0.543069319453073
20,4,Multi-scale Linear,2021-12-31,-0.8843718012894345,-0.6270873227742171,0.412973521243035,0.5341453303828403
20,4,Multi-scale Linear,2022-01-04,-0.8899074439217713,-0.6356665783971946,0.410693763197344,0.5295823624752535
20,4,Multi-scale Linear,2022-01-05,-0.8061082189925047,-0.6305811894412237,0.446592729671803,0.5322823542079862
20,4,Multi-scale Linear,2022-01-06,-0.7610420114000805,-0.5741151063255712,0.467179367066607,0.5632030231602453
20,4,Multi-scale Linear,2022-01-07,-0.7495169236514438,-0.59744575183249,0.47259479697575,0.5502152290090352
20,4,Multi-scale Linear,2022-01-10,-0.7344225219203563,-0.6222462048940571,0.479782442834878,0.5367374602329242
20,4,Multi-scale Linear,2022-01-11,-0.517602888494491,-0.5948877029273056,0.595947389481861,0.5516245082072911
20,4,Multi-scale Linear,2022-01-12,-0.5086566536491639,-0.5883486163456768,0.601302794420437,0.5552434480119902
20,4,Multi-scale Linear,2022-01-13,-0.4699514892518198,-0.650607907418884,0.625032588345768,0.5217285177021641
20,4,Multi-scale Linear,2022-01-14,-0.4704353688792383,-0.6725106208722857,0.624730220970401,0.5104254829069855
20,4,Multi-scale Linear,2022-01-17,-0.4635171478725531,-0.6705522809452475,0.629067227595742,0.5114260489143488
20,4,Multi-scale Linear,2022-01-18,-0.4502017156142763,-0.7105456401215569,0.637499545038903,0.491376009834918
20,4,Multi-scale Linear,2022-01-19,-0.4542439332829579,-0.6894878198077474,0.634927834323127,0.5018330321936337
20,4,Multi-scale Linear,2022-01-20,-0.4553634587938592,-0.6762669817783651,0.634217414155971,0.5085117371876142
20,4,Multi-scale Linear,2022-01-21,-0.4440119728230717,-0.6587128390916297,0.641457740721306,0.5175170336639617
20,4,Multi-scale Linear,2022-01-24,-0.4308362785354625,-0.7075789262586352,0.649965315337482,0.49283594639142375
20,4,Multi-scale Linear,2022-01-25,-0.4200696621352666,-0.6793843243896621,0.657001050124844,0.5069290001295014
20,4,Multi-scale Linear,2022-01-26,-0.4142906472166802,-0.704293790212982,0.660808861095793,0.4944576418100847
20,4,Multi-scale Linear,2022-01-27,-0.3738835619893894,-0.7266308147349483,0.68805702315585,0.4835353690061757
20,4,Multi-scale Linear,2022-01-28,-0.4498665589425799,-0.5516323310670144,0.637713243073787,0.576008805505583
20,4,Multi-scale Linear,2022-02-07,-0.3851112506854729,-0.556435607482963,0.680374939815595,0.5732487100520365
20,4,Multi-scale Linear,2022-02-08,-0.3735270511966587,-0.6251696416687897,0.688302366641821,0.5351706335785379
20,4,Multi-scale Linear,2022-02-09,-0.3870406468625409,-0.6273785063804909,0.679063492565227,0.5339898186615959
20,4,Multi-scale Linear,2022-02-10,-0.4226810063418773,-0.5960648666547647,0.655287632374288,0.5509755378921503
20,4,Multi-scale Linear,2022-02-11,-0.4240756483333921,-0.7231912134123748,0.654374377705339,0.4852014015021597
20,4,Multi-scale Linear,2022-02-14,-0.3560315925113969,-0.7188548586967725,0.700450490895577,0.48730997534551557
20,4,Multi-scale Linear,2022-02-15,-0.5226328512893884,-0.5990351275499735,0.592957322551943,0.5493414248701429
20,4,Multi-scale Linear,2022-02-16,-0.4729826819207989,-0.5603746997652541,0.623140862687027,0.5709950720405236
20,4,Multi-scale Linear,2022-02-17,-0.5153064381388031,-0.603309694486148,0.597317525699171,0.5469982397973144
20,4,Multi-scale Linear,2022-02-18,-0.5010776407129015,-0.6114613803308011,0.605877389638539,0.5425574067180631
20,4,Multi-scale Linear,2022-02-21,-0.5185033068845232,-0.590246486544989,0.595411029003537,0.5541906673551643
20,4,Multi-scale Linear,2022-02-22,-0.5072413416877045,-0.6552496920550638,0.602154427979261,0.5193123782222058
20,4,Multi-scale Linear,2022-02-23,-0.5013875382210333,-0.6600466098517647,0.605689658835413,0.5168272446890296
20,4,Multi-scale Linear,2022-02-24,-0.5011847885445512,-0.6692669584215314,0.605812474667805,0.5120838189670097
20,4,Multi-scale Linear,2022-02-25,-0.4842448491745699,-0.667146704966894,0.61616231660635,0.5131707182970908
20,4,Multi-scale Linear,2022-02-28,-0.4945578661891201,-0.6664129734312322,0.609840478793499,0.5135473860058731
20,4,Multi-scale Linear,2022-03-01,-0.5289039418776834,-0.600736033576629,0.589250468623766,0.5484078409242475
20,4,Multi-scale Linear,2022-03-02,-0.5212698404782731,-0.6024512491330493,0.593766080841048,0.5474680095013824
20,4,Multi-scale Linear,2022-03-03,-0.5778577177200828,-0.5236528341156161,0.561099112623929,0.5923528246074232
20,4,Multi-scale Linear,2022-03-04,-0.564721120941926,-0.507814118699015,0.568518672603657,0.6018096265222563
20,4,Multi-scale Linear,2022-03-07,-0.6653230795051719,-0.4056327344165398,0.514107403306917,0.6665549251600862
20,4,Multi-scale Linear,2022-03-08,-0.6663455680024348,-0.5051975130635891,0.51358200305431,0.6033863869629716
20,4,Multi-scale Linear,2022-03-09,-0.6927844936615645,-0.5542772177293008,0.500181376338613,0.5744873404368167
20,4,Multi-scale Linear,2022-03-10,-0.6203552842061109,-0.6262375792004042,0.537753348379732,0.5345994098430441
20,4,Multi-scale Linear,2022-03-11,-0.5464563808514219,-0.6298960882944402,0.578997927506629,0.5326471464047745
20,4,Multi-scale Linear,2022-03-14,-0.6323203420688753,-0.6691165985367005,0.531357438470959,0.5121608216199632
20,4,Multi-scale Linear,2022-03-15,-0.6242867306698592,-0.6642039482987072,0.535643350269904,0.5146830790136724
20,4,Multi-scale Linear,2022-03-16,-0.7090784995969059,-0.5481472742278857,0.492097456594267,0.5780197309920906
20,4,Multi-scale Linear,2022-03-17,-0.709214457984437,-0.5763842080079705,0.492030556365487,0.5619265070529961
20,4,Multi-scale Linear,2022-03-18,-0.691830326581217,-0.560264519520749,0.500658860705824,0.5710579878831501
20,4,Multi-scale Linear,2022-03-21,-0.6880627719029304,-0.5867892042695318,0.502548678098469,0.5561099768121586
20,4,Multi-scale Linear,2022-03-22,-0.7308138005790229,-0.5774413902876966,0.481516971809018,0.5613327622107933
20,4,Multi-scale Linear,2022-03-23,-0.7356216484532655,-0.648595927915468,0.479207467780469,0.5227792814892667
20,4,Multi-scale Linear,2022-03-24,-0.5055342643586362,-0.6615032217892551,0.603183230024349,0.5160749759696023
20,4,Multi-scale Linear,2022-03-25,-0.5365136971328477,-0.6139139535724248,0.584783434846962,0.54122837537984
20,4,Multi-scale Linear,2022-03-28,-0.5407422196826461,-0.5874673009290375,0.582315885626454,0.5557330083195469
20,4,Multi-scale Linear,2022-03-29,-0.5246590703077507,-0.5864136665109734,0.591757077538188,0.5563188563249798
20,4,Multi-scale Linear,2022-03-30,-0.5344029165227631,-0.578262908118072,0.586019088019938,0.5608718067053712
20,4,Multi-scale Linear,2022-03-31,-0.5343974830730586,-0.5913494055769083,0.586022272133829,0.5535797768641262
20,4,Multi-scale Linear,2022-04-01,-0.4990909093834849,-0.6127717724503745,0.607082301752316,0.5418469093846048
20,4,Multi-scale Linear,2022-04-06,-0.49037972696669,-0.6543498138057398,0.612393807584535,0.5197799064636708
20,4,Multi-scale Linear,2022-04-07,-0.4843439450371898,-0.6564528679509533,0.616101260495326,0.5186879298222543
20,4,Multi-scale Linear,2022-04-08,-0.4468868304248028,-0.6978034385698202,0.639616289282807,0.49767728277691714
20,4,Multi-scale Linear,2022-04-11,-0.4815852161557106,-0.6590165940725649,0.617803263439473,0.5173598591597453
20,4,Multi-scale Linear,2022-04-12,-0.5311645131219226,-0.5688652160003713,0.587919930413557,0.5661675521799021
20,4,Multi-scale Linear,2022-04-13,-0.5663257577615162,-0.5608490181849859,0.567607138145439,0.5707243027807788
20,4,Multi-scale Linear,2022-04-14,-0.5730297676030237,-0.536025426490585,0.563814621045334,0.5850690371502152
20,4,Multi-scale Linear,2022-04-15,-0.5355432821544338,-0.542818331473307,0.585351192887164,0.581108186843047
20,4,Multi-scale Linear,2022-04-18,-0.5161313339397543,-0.5362428127849146,0.596825004147795,0.584941864983546
20,4,Multi-scale Linear,2022-04-19,-0.5273419226436158,-0.6421116127492785,0.590171608421189,0.5261801613851356
20,4,Multi-scale Linear,2022-04-20,-0.5191923830542398,-0.6397472708231551,0.59500088677811,0.5274257030643728
20,4,Multi-scale Linear,2022-04-21,-0.4936269743171662,-0.6637605141216387,0.61040843865199,0.514911357690809
20,4,Multi-scale Linear,2022-04-22,-0.4938119915208739,-0.6817676743101486,0.610295513036464,0.5057222495630148
20,4,Multi-scale Linear,2022-04-25,-0.706039546600917,-0.5354373354485831,0.493595192255779,0.5854132122031293
20,4,Multi-scale Linear,2022-04-26,-0.6837574579635362,-0.5170766802080862,0.504716972171618,0.5962610644584158
20,4,Multi-scale Linear,2022-04-27,-0.6882462356996113,-0.5043392480690327,0.502456487067085,0.6039044746735641
20,4,Multi-scale Linear,2022-04-28,-0.7039548837532285,-0.486049247627347,0.494625245098283,0.6150515167397698
20,4,Multi-scale Linear,2022-04-29,-0.7098733811848906,-0.46011788572778367,0.491706452807969,0.6312092305612537
20,4,Multi-scale Linear,2022-05-05,-0.6830606777133702,-0.5310628081274187,0.505068771538943,0.5879797278476457
20,4,Multi-scale Linear,2022-05-06,-0.7597606592050596,-0.5160631883370581,0.467778372060291,0.5968656765332132
20,4,Multi-scale Linear,2022-05-09,-0.7743704265146697,-0.5411602399040347,0.460993919206152,0.5820725166811405
20,4,Multi-scale Linear,2022-05-10,-0.8112395478416607,-0.573324153955638,0.44430698498345,0.5636486661441215
20,4,Multi-scale Linear,2022-05-11,-0.9078534907724776,-0.509555755942374,0.40338917397423507,0.6007624046682962
20,4,Multi-scale Linear,2022-05-12,-0.941398556730581,-0.5122481450899496,0.390081902018587,0.5991470939879454
20,4,Multi-scale Linear,2022-05-13,-0.9830951053968656,-0.4756336344933598,0.37415126727023507,0.6214911334571214
20,4,Multi-scale Linear,2022-05-16,-0.9916120227512992,-0.4872514450604968,0.37097818347576406,0.6143125476674526
20,4,Multi-scale Linear,2022-05-17,-0.9281196516940612,-0.4975748042996908,0.39529630672359606,0.6080034003810064
20,4,Multi-scale Linear,2022-05-18,-1.025827423286501,-0.553366683977992,0.358499711642778,0.5750106687678819
20,4,Multi-scale Linear,2022-05-19,-0.9428266718279592,-0.5188122800483022,0.389525217764308,0.5952270913915132
20,4,Multi-scale Linear,2022-05-20,-0.6776633909666907,-0.5322913595238761,0.507802142283163,0.5872578080804807
20,4,Multi-scale Linear,2022-05-23,-0.6922911107571499,-0.5168870369834759,0.500428218167567,0.5963741520521982
20,4,Multi-scale Linear,2022-05-24,-0.6578580837762731,-0.5158185106872655,0.517959573203842,0.5970117340919707
20,4,Multi-scale Linear,2022-05-25,-0.605409965205828,-0.5547480412682959,0.54585060100849,0.5742169219387768
20,4,Multi-scale Linear,2022-05-26,-0.608072376536495,-0.6029595396650909,0.544399255080749,0.5471898074052927
20,4,Multi-scale Linear,2022-05-27,-0.5780087429004322,-0.5993913424101607,0.561014378927873,0.549145776139849
20,4,Multi-scale Linear,2022-05-30,-0.5476025823476347,-0.6171765853061493,0.578334659407876,0.5394654240015396
20,4,Multi-scale Linear,2022-05-31,-0.5517972449646755,-0.6077173232382986,0.575913821480688,0.5445925801501219
20,4,Multi-scale Linear,2022-06-01,-0.551100177520784,-0.6310927009234342,0.576315412207779,0.5320101552944005
20,4,Multi-scale Linear,2022-06-02,-0.512123474987842,-0.5795030298398898,0.599221794373686,0.5601766884993993
20,4,Multi-scale Linear,2022-06-06,-0.4893138553154135,-0.6344978185883747,0.613046888771989,0.5302016789015496
20,4,Multi-scale Linear,2022-06-07,-0.4732172342334376,-0.6564154839554739,0.622994720696225,0.518707320811932
20,4,Multi-scale Linear,2022-06-08,-0.4727003537512071,-0.6843659096430192,0.623316817743553,0.5044099696897958
20,4,Multi-scale Linear,2022-06-09,-0.4701927633835314,-0.7115434811188617,0.624881802341836,0.49088593925413426
20,4,Multi-scale Linear,2022-06-10,-0.4720763918384925,-0.777447831802676,0.623705865060111,0.4595774347477218
20,4,Multi-scale Linear,2022-06-13,-0.4683796740947358,-0.8064006142995709,0.626015796550154,0.44646216714234277
20,5,Persistence,2022-06-14,-0.4341888919053445,-0.9828261294317576,0.647789881662992,0.37425191850422
20,5,Persistence,2022-06-15,-0.4389419343818174,-0.9663379161829853,0.64471821450463,0.380473816982661
20,5,Persistence,2022-06-16,-0.4007868509976016,-0.9740015465097968,0.669792811493419,0.377569150660936
20,5,Persistence,2022-06-17,-0.3640596648823652,-0.8684653386957573,0.694849735378366,0.419594991585365
20,5,Persistence,2022-06-20,-0.4594466055214004,-0.6787539317464608,0.631633091072485,0.507248665188473
20,5,Persistence,2022-06-21,-0.442074219317363,-0.704103554124474,0.642701932786604,0.494551714445517
20,5,Persistence,2022-06-22,-0.4858794545273271,-0.6579588664405245,0.615155957109845,0.517907374488487
20,5,Persistence,2022-06-23,-0.535599810613992,-0.60913591848981,0.585318104821147,0.543820571415342
20,5,Persistence,2022-06-24,-0.5183063936123276,-0.6326881155907808,0.5955282848818,0.53116205520502
20,5,Persistence,2022-06-27,-0.5328599755367259,-0.5934138615415699,0.586923978806465,0.552438114653022
20,5,Persistence,2022-06-28,-0.5184686242819898,-0.5680302282139302,0.595431679765709,0.566640492593308
20,5,Persistence,2022-06-29,-0.5187854509219115,-0.5891946668425748,0.595243061028604,0.5547738826829
20,5,Persistence,2022-06-30,-0.4551431805010194,-0.5897807080746753,0.634357133873296,0.554448857561519
20,5,Persistence,2022-07-01,-0.5042286362410309,-0.5379532892591394,0.603971277345961,0.583942190887945
20,5,Persistence,2022-07-04,-0.5293188672942812,-0.5174123319613656,0.589006024344171,0.596060961970972
20,5,Persistence,2022-07-05,-0.5359058119472219,-0.5185780321096048,0.585139024101575,0.595366538442683
20,5,Persistence,2022-07-06,-0.5245256610985005,-0.5200488621921261,0.591836028648256,0.594491499102658
20,5,Persistence,2022-07-07,-0.5007684759983648,-0.5176975112262792,0.60606473450747,0.595891001979678
20,5,Persistence,2022-07-08,-0.4613881702337278,-0.5177442900070525,0.630407924306873,0.595863127577102
20,5,Persistence,2022-07-11,-0.4610911286917021,-0.5117971930829782,0.630595209463173,0.5994173415022
20,5,Persistence,2022-07-12,-0.4906538763418338,-0.4795768299103115,0.612225943215851,0.619045297841041
20,5,Persistence,2022-07-13,-0.5112986621927145,-0.46396459465913187,0.599716244062988,0.628785816449164
20,5,Persistence,2022-07-14,-0.5496802825694532,-0.42749957524932,0.577134300782243,0.652137678992003
20,5,Persistence,2022-07-15,-0.6658009426714162,-0.3744040067495941,0.513861789005071,0.687699020651771
20,5,Persistence,2022-07-18,-0.7059113916875768,-0.3434292726263688,0.493658452958366,0.709333648676292
20,5,Persistence,2022-07-19,-0.7271420823986416,-0.3647401843062816,0.483288216193755,0.694377037495026
20,5,Persistence,2022-07-20,-0.6634742326942741,-0.486665458252279,0.515058788351578,0.6146726322086
20,5,Persistence,2022-07-21,-0.6658561413031735,-0.4844098856767167,0.513833425320231,0.616060635723622
20,5,Persistence,2022-07-22,-0.6961668000611029,-0.5099195507867584,0.498492467482202,0.600543890152415
20,5,Persistence,2022-07-25,-0.7285568464742121,-0.5285168432926016,0.482604960823878,0.589478610800337
20,5,Persistence,2022-07-26,-0.7922210039296953,-0.49180087494051017,0.452837922756377,0.611524123486975
20,5,Persistence,2022-07-27,-0.7857804949159125,-0.5339155079670698,0.455763841568958,0.586304788357977
20,5,Persistence,2022-07-28,-0.9185507027916496,-0.4982417732172893,0.399097032357631,0.607598016215505
20,5,Persistence,2022-07-29,-0.8637274049677187,-0.4956640202574646,0.421587721832302,0.60916627422265
20,5,Persistence,2022-08-01,-0.8361572572324999,-0.4988413852286573,0.433372667471278,0.607233802351315
20,5,Persistence,2022-08-02,-0.7890460301719322,-0.5404374935626348,0.454277956102007,0.582493359525995
20,5,Persistence,2022-08-03,-0.8090653643242011,-0.5540482605361035,0.445274040804361,0.574618888504674
20,5,Persistence,2022-08-04,-0.8527826796460085,-0.5450695052537762,0.426227226385638,0.579801482690115
20,5,Persistence,2022-08-05,-0.9375607644754422,-0.506490370060135,0.391581831689266,0.60260679870762
20,5,Persistence,2022-08-08,-0.9016931487666068,-0.5028040577990462,0.40588185926124903,0.604832294955194
20,5,Persistence,2022-08-09,-0.9169832491410568,-0.4966958694063561,0.399723088987135,0.608538030703072
20,5,Persistence,2022-08-10,-0.906180793663424,-0.5024708677365455,0.40406448651857996,0.605033852641997
20,5,Persistence,2022-08-11,-0.8725754968566349,-0.5297864717432139,0.417873929148729,0.588730666890942
20,5,Persistence,2022-08-12,-0.8650684875672936,-0.5466559538265164,0.421022716818235,0.578882386697458
20,5,Persistence,2022-08-15,-0.8981825613493516,-0.5746477570695434,0.407309247028077,0.562903112531852
20,5,Persistence,2022-08-16,-0.9062057812080192,-0.6821298897559569,0.40405439006534705,0.505539102324316
20,5,Persistence,2022-08-17,-1.0227993643167574,-0.6807035303305077,0.359586915137689,0.506260697292401
20,5,Persistence,2022-08-18,-1.020674392288188,-0.7052138160866555,0.360351839708019,0.494002937188266
20,5,Persistence,2022-08-19,-1.0146845385592491,-0.7082902895008599,0.362516771859439,0.492485485681926
20,5,Persistence,2022-08-22,-1.0361156420672053,-0.6976330614042054,0.35483029641636293,0.49776208284554
20,5,Persistence,2022-08-23,-1.0522349363810493,-0.7178069073651758,0.349156533812987,0.487820920158968
20,5,Persistence,2022-08-24,-1.0431947882847503,-0.7583681326409107,0.3523272709603191,0.468430219621707
20,5,Persistence,2022-08-25,-1.0542954533826212,-0.826000881514792,0.348437831542264,0.437796590592619
20,5,Persistence,2022-08-26,-1.141157008907702,-0.7789970428550005,0.319449202342678,0.458866003527256
20,5,Persistence,2022-08-29,-1.1873632718944995,-0.8753722583294323,0.305024471278127,0.416706868199466
20,5,Persistence,2022-08-30,-1.345922510563859,-0.8166429161822275,0.260299468056086,0.441912705100714
20,5,Persistence,2022-08-31,-1.3262214775869394,-0.8172696471427213,0.26547848494114995,0.441635831498284
20,5,Persistence,2022-09-01,-1.3437894133571735,-0.8302012614065974,0.260855304740378,0.435961535259572
20,5,Persistence,2022-09-02,-1.302466503537047,-0.8461260088639083,0.271860420714003,0.429073945032675
20,5,Persistence,2022-09-05,-1.361908624081327,-0.8527993850145967,0.25617137520448,0.426220106162192
20,5,Persistence,2022-09-06,-1.3541458934358983,-0.9344730826083004,0.2581677030420221,0.392792780360526
20,5,Persistence,2022-09-07,-1.3170882963687065,-0.9386873480816434,0.267914254283446,0.391140930419902
20,5,Persistence,2022-09-08,-1.4490590821607234,-0.9021124392168817,0.234791103330636,0.40571171254666
20,5,Persistence,2022-09-09,-1.4358095056581277,-0.8880794760789525,0.23792268627761098,0.411445184767711
20,5,Persistence,2022-09-13,-1.4495064475886523,-0.9012832079253807,0.23468608939977306,0.40604828092126
20,5,Persistence,2022-09-14,-1.4634026792956103,-0.9041307842832959,0.23144739208452303,0.404893672134875
20,5,Persistence,2022-09-15,-1.3622519128473938,-0.9409396779301291,0.256083449541994,0.390260943409871
20,5,Persistence,2022-09-16,-1.3535738843175142,-0.9493826670019734,0.258315419565806,0.386979845158645
20,5,Persistence,2022-09-19,-1.368848172860293,-1.0566251410972876,0.254399815472522,0.34762702503649
20,5,Persistence,2022-09-20,-1.365354382292879,-1.0510349095224267,0.255290189632892,0.34957578253597804
20,5,Persistence,2022-09-21,-1.3657805979345905,-1.0482227552399257,0.25518140414558,0.350560227126164
20,5,Persistence,2022-09-22,-1.3257749783568926,-1.0578773303172506,0.265597047347312,0.347192002645188
20,5,Persistence,2022-09-23,-1.2515236452996457,-1.0787342566635483,0.286068597564018,0.340025638567472
20,5,Persistence,2022-09-26,-1.199378343771655,-1.0836262606218867,0.301381509381266,0.338366293867328
20,5,Persistence,2022-09-27,-1.1290861396452718,-1.0882944550534754,0.323328598638773,0.336790415333956
20,5,Persistence,2022-09-28,-1.1347416574211031,-1.1753382728071322,0.32150516908105403,0.308714532291718
20,5,Persistence,2022-09-29,-1.1445638278124404,-1.213078523025267,0.318362748487619,0.297280683843304
20,5,Persistence,2022-09-30,-1.040412914164197,-1.371986604376193,0.3533087656417279,0.253602650651925
20,5,Persistence,2022-10-10,-1.0719161391261909,-1.3221920312854583,0.3423518946690389,0.266550374350522
20,5,Persistence,2022-10-11,-1.0655632871213263,-1.2874113316606053,0.34453372868576104,0.27598429096988003
20,5,Persistence,2022-10-12,-1.0658202518295594,-1.291937654124483,0.344445207050648,0.274737919940508
20,5,Persistence,2022-10-13,-1.0903206860514132,-1.3406046882610787,0.33610869105327407,0.261687381440332
20,5,Persistence,2022-10-14,-0.9811130454673452,-1.3334726203212868,0.37489359292861907,0.263560425021213
20,5,Persistence,2022-10-17,-1.0051174607972126,-1.3133087438840876,0.366001641434463,0.268928766261829
20,5,Persistence,2022-10-18,-0.9985344986740832,-1.4394057787045569,0.36841896421956694,0.23706858803957
20,5,Persistence,2022-10-19,-0.9792226391773003,-1.4831702242319227,0.37560296442370406,0.226917168576131
20,5,Persistence,2022-10-20,-1.0208608272129618,-1.3976077595574774,0.36028466380205304,0.247187589349074
20,5,Persistence,2022-10-21,-1.0147424839306194,-1.3903423653678695,0.362495766299059,0.248990044469267
20,5,Persistence,2022-10-24,-1.0102391572770806,-1.3892447216438304,0.364131884367249,0.24926349687813198
20,5,Persistence,2022-10-25,-0.984419898914718,-1.379122888448197,0.37365592228402,0.251799312315925
20,5,Persistence,2022-10-26,-0.9846254336237594,-1.3853435619352341,0.373579130914668,0.250237812834373
20,5,Persistence,2022-10-27,-1.024364951864689,-1.3281143461329474,0.359024390796401,0.264976444365669
20,5,Persistence,2022-10-28,-1.008965900948693,-1.2679805464691891,0.36459581288066906,0.281399321216929
20,5,Persistence,2022-10-31,-1.05067984645864,-1.2371871620248558,0.34969992602243,0.290199354743105
20,5,Persistence,2022-11-01,-1.0952094597949202,-1.1609162874576402,0.3344695416893271,0.313199068985522
20,5,Persistence,2022-11-02,-1.095138180462284,-1.1690924305541475,0.33449338330474293,0.310648748678936
20,5,Persistence,2022-11-03,-1.098822494571423,-1.1720431617652465,0.33326327206279993,0.309733458771873
20,5,Persistence,2022-11-04,-1.1676940782026657,-1.0762329304984943,0.31108344894837403,0.340877218189203
20,5,Persistence,2022-11-07,-1.1674130416108035,-1.087856066906731,0.31117088706673107,0.33693809262759794
20,5,Persistence,2022-11-08,-1.2195102069632109,-1.0509660594008523,0.29537480402225397,0.349599851699678
20,5,Persistence,2022-11-09,-1.1983112341149085,-1.0764425562520683,0.301703288156376,0.340805769034517
20,5,Persistence,2022-11-10,-1.1460374597535212,-1.096769173539023,0.317893944479715,0.33394827156993
20,5,Persistence,2022-11-11,-1.2376087591733125,-0.9951989471555287,0.29007703330965695,0.369649896432771
20,5,Persistence,2022-11-14,-1.2219570102237851,-1.0245563341088804,0.29465296344974307,0.358955686477374
20,5,Persistence,2022-11-15,-1.228232669355142,-1.022116749047038,0.292809612061434,0.359832458453027
20,5,Persistence,2022-11-16,-1.2605835484534915,-1.0267595921340855,0.28348854891806907,0.358165685088478
20,5,Persistence,2022-11-17,-1.214020058568125,-1.0238327913682976,0.29700091523997,0.359215500240362
20,5,Persistence,2022-11-18,-1.22909910781536,-1.0096234991036324,0.292556020428659,0.364356134161599
20,5,Persistence,2022-11-21,-1.1574363761618371,-1.0475681548321658,0.314290872551509,0.350789779118002
20,5,Persistence,2022-11-22,-1.196415604061992,-1.0213880055206612,0.302275748391458,0.360094779598514
20,5,Persistence,2022-11-23,-1.144462223797373,-1.0175889498383277,0.318395097064458,0.36146540160328905
20,5,Persistence,2022-11-24,-1.1325082218834146,-1.0272974862065098,0.322224032620096,0.357973081694279
20,5,Persistence,2022-11-25,-1.2065921872269738,-0.9800889737308035,0.299215213406693,0.375277707508221
20,5,Persistence,2022-11-28,-1.2064330818732676,-1.0152894000526096,0.299262823936501,0.362297565724802
20,5,Persistence,2022-11-29,-1.2275584250389906,-1.0381318280724703,0.293007103849457,0.354115613247685
20,5,Persistence,2022-11-30,-1.2278108796360117,-1.0786212773969523,0.292933142195503,0.34006405658492
20,5,Persistence,2022-12-01,-1.2192774034592095,-1.1420542264069828,0.295443576316529,0.319162715467942
20,5,Persistence,2022-12-02,-1.2403777836738947,-1.1027112730719706,0.289274913953961,0.331969801655388
20,5,Persistence,2022-12-05,-1.2274929590001369,-1.1063203132634143,0.29302628649180096,0.330773868682054
20,5,Persistence,2022-12-06,-1.2249846248846898,-1.214892943307708,0.29376221691677,0.296741780787123
20,5,Persistence,2022-12-07,-1.248728991970345,-1.1910922492904512,0.286869178274332,0.303889160010114
20,5,Persistence,2022-12-08,-1.3071994370294595,-1.1744256055377469,0.270576763551762,0.308996414553715
20,5,Persistence,2022-12-09,-1.264162853367211,-1.1255687763259514,0.28247567074322494,0.324467865224393
20,5,Persistence,2022-12-12,-1.2506307043708684,-1.1265278175001594,0.286324154004643,0.324156836350523
20,5,Persistence,2022-12-13,-1.2479889354104543,-1.2650303658326687,0.287081556267715,0.282230725839407
20,5,Persistence,2022-12-14,-1.2412864953321012,-1.2656020330580364,0.28901216586643,0.282069429891649
20,5,Persistence,2022-12-15,-1.2283404303898977,-1.2276755285543293,0.29277806029470793,0.292972793696536
20,5,Persistence,2022-12-16,-1.041239289405047,-1.2486237706630912,0.353016920628781,0.28689936461237603
20,5,Persistence,2022-12-19,-1.103142406357328,-1.1777411300123641,0.3318267092723219,0.307973625856107
20,5,Persistence,2022-12-20,-1.1106022831299192,-1.1861014688076885,0.329360533033549,0.305409595021605
20,5,Persistence,2022-12-21,-1.1549852421263518,-1.1400278134446702,0.315062186517044,0.319810126671339
20,5,Persistence,2022-12-22,-1.1539235647870103,-1.1737494906211543,0.315396858526361,0.30920540228066695
20,5,Persistence,2022-12-23,-1.1531502917034528,-1.1751001378292087,0.315640840747983,0.308788056774078
20,5,Persistence,2022-12-26,-1.1492961978295737,-1.1743373466028508,0.31685969746401194,0.309023687451671
20,5,Persistence,2022-12-27,-1.1550471548466437,-1.2468688897310347,0.31504268076384895,0.287403280863942
20,5,Persistence,2022-12-28,-1.1014762548136667,-1.247601337797295,0.3323800436977,0.287192849960898
20,5,Persistence,2022-12-29,-1.0973498244016269,-1.2658941922280176,0.3337544205033189,0.28198703275826
20,5,Persistence,2022-12-30,-1.1231306173539086,-1.2351335491524453,0.325259934664356,0.290795924225294
20,5,Multi-scale Linear,2022-06-14,-0.4341888919053445,-0.8705443628579844,0.647789881662992,0.4187235496478207
20,5,Multi-scale Linear,2022-06-15,-0.4389419343818174,-0.8452369836717067,0.64471821450463,0.4294555721920703
20,5,Multi-scale Linear,2022-06-16,-0.4007868509976016,-0.8436042782426917,0.669792811493419,0.43015731935362045
20,5,Multi-scale Linear,2022-06-17,-0.3640596648823652,-0.782397384285674,0.694849735378366,0.4573083522183134
20,5,Multi-scale Linear,2022-06-20,-0.4594466055214004,-0.6399057097258093,0.631633091072485,0.5273421449343516
20,5,Multi-scale Linear,2022-06-21,-0.442074219317363,-0.6369654463425019,0.642701932786604,0.5288949514449524
20,5,Multi-scale Linear,2022-06-22,-0.4858794545273271,-0.6326719219981851,0.615155957109845,0.5311706566965886
20,5,Multi-scale Linear,2022-06-23,-0.535599810613992,-0.5630672292177208,0.585318104821147,0.5694597189111741
20,5,Multi-scale Linear,2022-06-24,-0.5183063936123276,-0.6080453855578598,0.5955282848818,0.5444139491477147
20,5,Multi-scale Linear,2022-06-27,-0.5328599755367259,-0.6025634636061051,0.586923978806465,0.5474065791139351
20,5,Multi-scale Linear,2022-06-28,-0.5184686242819898,-0.5639809803738857,0.595431679765709,0.5689396120949203
20,5,Multi-scale Linear,2022-06-29,-0.5187854509219115,-0.5725121413634855,0.595243061028604,0.5641065418338344
20,5,Multi-scale Linear,2022-06-30,-0.4551431805010194,-0.6477130509301556,0.634357133873296,0.523241035091112
20,5,Multi-scale Linear,2022-07-01,-0.5042286362410309,-0.6077305752160216,0.603971277345961,0.5445853632692008
20,5,Multi-scale Linear,2022-07-04,-0.5293188672942812,-0.6505303694168763,0.589006024344171,0.5217689730574105
20,5,Multi-scale Linear,2022-07-05,-0.5359058119472219,-0.6757815709405434,0.585139024101575,0.508758634214403
20,5,Multi-scale Linear,2022-07-06,-0.5245256610985005,-0.6792083995295309,0.591836028648256,0.5070181893880195
20,5,Multi-scale Linear,2022-07-07,-0.5007684759983648,-0.6676340767016107,0.60606473450747,0.5129206743310387
20,5,Multi-scale Linear,2022-07-08,-0.4613881702337278,-0.7147207310438022,0.630407924306873,0.4893287470448767
20,5,Multi-scale Linear,2022-07-11,-0.4610911286917021,-0.733355150693095,0.630595209463173,0.48029482221056125
20,5,Multi-scale Linear,2022-07-12,-0.4906538763418338,-0.7308667280613722,0.612225943215851,0.48149148700242095
20,5,Multi-scale Linear,2022-07-13,-0.5112986621927145,-0.6895657023313796,0.599716244062988,0.5017939496925862
20,5,Multi-scale Linear,2022-07-14,-0.5496802825694532,-0.6591105249746146,0.577134300782243,0.5173112653637553
20,5,Multi-scale Linear,2022-07-15,-0.6658009426714162,-0.5889890303046788,0.513861789005071,0.5548879761939453
20,5,Multi-scale Linear,2022-07-18,-0.7059113916875768,-0.5363157947374064,0.493658452958366,0.5848991763419145
20,5,Multi-scale Linear,2022-07-19,-0.7271420823986416,-0.5705540338606842,0.483288216193755,0.565212205236404
20,5,Multi-scale Linear,2022-07-20,-0.6634742326942741,-0.6110360889012679,0.515058788351578,0.5427882008070654
20,5,Multi-scale Linear,2022-07-21,-0.6658561413031735,-0.6263370100409738,0.513833425320231,0.5345462568169242
20,5,Multi-scale Linear,2022-07-22,-0.6961668000611029,-0.6461369141632293,0.498492467482202,0.5240663847856216
20,5,Multi-scale Linear,2022-07-25,-0.7285568464742121,-0.6477851789691343,0.482604960823878,0.5232032961023737
20,5,Multi-scale Linear,2022-07-26,-0.7922210039296953,-0.5774659343236522,0.452837922756377,0.5613189850083693
20,5,Multi-scale Linear,2022-07-27,-0.7857804949159125,-0.5832916845488496,0.455763841568958,0.5580583877395642
20,5,Multi-scale Linear,2022-07-28,-0.9185507027916496,-0.4658070066013018,0.399097032357631,0.6276284004977587
20,5,Multi-scale Linear,2022-07-29,-0.8637274049677187,-0.5045821882089394,0.421587721832302,0.603757779855748
20,5,Multi-scale Linear,2022-08-01,-0.8361572572324999,-0.5973492089185028,0.433372667471278,0.5502683509547963
20,5,Multi-scale Linear,2022-08-02,-0.7890460301719322,-0.6524555481485237,0.454277956102007,0.5207654408270506
20,5,Multi-scale Linear,2022-08-03,-0.8090653643242011,-0.6583227618304489,0.445274040804361,0.5177189446689534
20,5,Multi-scale Linear,2022-08-04,-0.8527826796460085,-0.7426842869829784,0.426227226385638,0.47583492220872425
20,5,Multi-scale Linear,2022-08-05,-0.9375607644754422,-0.6666013120980603,0.391581831689266,0.5134506742834041
20,5,Multi-scale Linear,2022-08-08,-0.9016931487666068,-0.651685166835086,0.40588185926124903,0.5211667833648942
20,5,Multi-scale Linear,2022-08-09,-0.9169832491410568,-0.6823828665963357,0.399723088987135,0.5054112288147222
20,5,Multi-scale Linear,2022-08-10,-0.906180793663424,-0.6852806323316679,0.40406448651857996,0.5039487854061606
20,5,Multi-scale Linear,2022-08-11,-0.8725754968566349,-0.6857657943346693,0.417873929148729,0.5037043479047114
20,5,Multi-scale Linear,2022-08-12,-0.8650684875672936,-0.7827369574469346,0.421022716818235,0.457153088938593
20,5,Multi-scale Linear,2022-08-15,-0.8981825613493516,-0.7899164148727511,0.407309247028077,0.4538827315427522
20,5,Multi-scale Linear,2022-08-16,-0.9062057812080192,-0.8007862696114686,0.40405439006534705,0.4489758092628426
20,5,Multi-scale Linear,2022-08-17,-1.0227993643167574,-0.7400773345602538,0.359586915137689,0.47707701955287174
20,5,Multi-scale Linear,2022-08-18,-1.020674392288188,-0.7649840811092504,0.360351839708019,0.46534133863328336
20,5,Multi-scale Linear,2022-08-19,-1.0146845385592491,-0.7693228452785299,0.362516771859439,0.4633267059751653
20,5,Multi-scale Linear,2022-08-22,-1.0361156420672053,-0.7648016779006468,0.35483029641636293,0.46542622612818635
20,5,Multi-scale Linear,2022-08-23,-1.0522349363810493,-0.7629295349665606,0.349156533812987,0.46629838669865764
20,5,Multi-scale Linear,2022-08-24,-1.0431947882847503,-0.7925187475635073,0.3523272709603191,0.4527031132180645
20,5,Multi-scale Linear,2022-08-25,-1.0542954533826212,-0.7850241255217549,0.348437831542264,0.45610869779259
20,5,Multi-scale Linear,2022-08-26,-1.141157008907702,-0.7212385961119452,0.319449202342678,0.48614973972242137
20,5,Multi-scale Linear,2022-08-29,-1.1873632718944995,-0.7253186135003854,0.305024471278127,0.4841702811895127
20,5,Multi-scale Linear,2022-08-30,-1.345922510563859,-0.7214005460398726,0.260299468056086,0.48607101418208126
20,5,Multi-scale Linear,2022-08-31,-1.3262214775869394,-0.7323982240901626,0.26547848494114995,0.4807546490783775
20,5,Multi-scale Linear,2022-09-01,-1.3437894133571735,-0.7306302457458207,0.260855304740378,0.48160536468868437
20,5,Multi-scale Linear,2022-09-02,-1.302466503537047,-0.7864425600166844,0.271860420714003,0.45546219610074845
20,5,Multi-scale Linear,2022-09-05,-1.361908624081327,-0.7607730419535027,0.25617137520448,0.46730504094287834
20,5,Multi-scale Linear,2022-09-06,-1.3541458934358983,-0.7843362528888254,0.2581677030420221,0.4564225504163826
20,5,Multi-scale Linear,2022-09-07,-1.3170882963687065,-0.7810639125248133,0.267914254283446,0.4579185667535067
20,5,Multi-scale Linear,2022-09-08,-1.4490590821607234,-0.7248185064360755,0.234791103330636,0.4844124787247657
20,5,Multi-scale Linear,2022-09-09,-1.4358095056581277,-0.702241641572407,0.23792268627761098,0.4954733842583219
20,5,Multi-scale Linear,2022-09-13,-1.4495064475886523,-0.7364788442488625,0.23468608939977306,0.478796869160716
20,5,Multi-scale Linear,2022-09-14,-1.4634026792956103,-0.7385492370888644,0.23144739208452303,0.4778065970308895
20,5,Multi-scale Linear,2022-09-15,-1.3622519128473938,-0.7420582540128018,0.256083449541994,0.4761329038218135
20,5,Multi-scale Linear,2022-09-16,-1.3535738843175142,-0.8068089742784125,0.258315419565806,0.44627988708168886
20,5,Multi-scale Linear,2022-09-19,-1.368848172860293,-0.8398062644931564,0.254399815472522,0.4317941691884611
20,5,Multi-scale Linear,2022-09-20,-1.365354382292879,-0.8577170562531976,0.255290189632892,0.424129241111965
20,5,Multi-scale Linear,2022-09-21,-1.3657805979345905,-0.8958190824312007,0.25518140414558,0.40827305236473904
20,5,Multi-scale Linear,2022-09-22,-1.3257749783568926,-0.8651780887592718,0.265597047347312,0.42097657475528055
20,5,Multi-scale Linear,2022-09-23,-1.2515236452996457,-0.8726067673678054,0.286068597564018,0.4178608622216655
20,5,Multi-scale Linear,2022-09-26,-1.199378343771655,-0.8979354041375884,0.301381509381266,0.40740992888750915
20,5,Multi-scale Linear,2022-09-27,-1.1290861396452718,-0.8910817250794881,0.323328598638773,0.4102117762990818
20,5,Multi-scale Linear,2022-09-28,-1.1347416574211031,-0.9195577793553814,0.32150516908105403,0.3986953134045122
20,5,Multi-scale Linear,2022-09-29,-1.1445638278124404,-0.952157129265107,0.318362748487619,0.38590767222110317
20,5,Multi-scale Linear,2022-09-30,-1.040412914164197,-0.9610852566828437,0.3533087656417279,0.3824775743124351
20,5,Multi-scale Linear,2022-10-10,-1.0719161391261909,-0.9206256511223287,0.3423518946690389,0.3982697851809389
20,5,Multi-scale Linear,2022-10-11,-1.0655632871213263,-0.9309976574149427,0.34453372868576104,0.3941602772252363
20,5,Multi-scale Linear,2022-10-12,-1.0658202518295594,-0.9374412217176089,0.344445207050648,0.3916286452593995
20,5,Multi-scale Linear,2022-10-13,-1.0903206860514132,-0.9422204886202511,0.33610869105327407,0.38976141299185324
20,5,Multi-scale Linear,2022-10-14,-0.9811130454673452,-0.9363072841723572,0.37489359292861907,0.39207297956011733
20,5,Multi-scale Linear,2022-10-17,-1.0051174607972126,-0.9586413864435543,0.366001641434463,0.38341344297849356
20,5,Multi-scale Linear,2022-10-18,-0.9985344986740832,-0.9617221210682558,0.36841896421956694,0.3822340655164071
20,5,Multi-scale Linear,2022-10-19,-0.9792226391773003,-0.9573443305494476,0.37560296442370406,0.38391107430264365
20,5,Multi-scale Linear,2022-10-20,-1.0208608272129618,-0.9509565100629516,0.36028466380205304,0.3863712786343217
20,5,Multi-scale Linear,2022-10-21,-1.0147424839306194,-0.9595141513241068,0.362495766299059,0.3830789591748206
20,5,Multi-scale Linear,2022-10-24,-1.0102391572770806,-0.9767670055955483,0.364131884367249,0.3765264410726266
20,5,Multi-scale Linear,2022-10-25,-0.984419898914718,-1.009611092618548,0.37365592228402,0.36436065456858396
20,5,Multi-scale Linear,2022-10-26,-0.9846254336237594,-1.0416416442492973,0.373579130914668,0.35287491113168407
20,5,Multi-scale Linear,2022-10-27,-1.024364951864689,-1.0437107563928247,0.359024390796401,0.35214552821566075
20,5,Multi-scale Linear,2022-10-28,-1.008965900948693,-1.0349759978186417,0.36459581288066906,0.35523490723529433
20,5,Multi-scale Linear,2022-10-31,-1.05067984645864,-1.0171697367107437,0.34969992602243,0.36161696441114827
20,5,Multi-scale Linear,2022-11-01,-1.0952094597949202,-0.9819804850263429,0.3344695416893271,0.3745685363995266
20,5,Multi-scale Linear,2022-11-02,-1.095138180462284,-1.0022581626481621,0.33449338330474293,0.3670496468162855
20,5,Multi-scale Linear,2022-11-03,-1.098822494571423,-1.030024693418497,0.33326327206279993,0.356998144955708
20,5,Multi-scale Linear,2022-11-04,-1.1676940782026657,-0.9631348757196425,0.31108344894837403,0.3816944438287065
20,5,Multi-scale Linear,2022-11-07,-1.1674130416108035,-1.0095883466675033,0.31117088706673107,0.36436894239245227
20,5,Multi-scale Linear,2022-11-08,-1.2195102069632109,-1.0168922522665556,0.29537480402225397,0.3617173214166369
20,5,Multi-scale Linear,2022-11-09,-1.1983112341149085,-1.0090264949861,0.301703288156376,0.3645737212176632
20,5,Multi-scale Linear,2022-11-10,-1.1460374597535212,-1.0266184869430566,0.317893944479715,0.35821622769172046
20,5,Multi-scale Linear,2022-11-11,-1.2376087591733125,-0.9998167380655761,0.29007703330965695,0.36794686564744744
20,5,Multi-scale Linear,2022-11-14,-1.2219570102237851,-1.010513667209354,0.29465296344974307,0.3640319402667845
20,5,Multi-scale Linear,2022-11-15,-1.228232669355142,-1.0574705912075917,0.292809612061434,0.3473332479342689
20,5,Multi-scale Linear,2022-11-16,-1.2605835484534915,-1.051083328054413,0.28348854891806907,0.3495588569995278
20,5,Multi-scale Linear,2022-11-17,-1.214020058568125,-1.0446088390335833,0.29700091523997,0.351829414399162
20,5,Multi-scale Linear,2022-11-18,-1.22909910781536,-1.1113065778508529,0.292556020428659,0.329128647816202
20,5,Multi-scale Linear,2022-11-21,-1.1574363761618371,-1.1253851388307885,0.314290872551509,0.32452745516172965
20,5,Multi-scale Linear,2022-11-22,-1.196415604061992,-1.1109282470599262,0.302275748391458,0.32925319087559846
20,5,Multi-scale Linear,2022-11-23,-1.144462223797373,-1.1292300087126272,0.318395097064458,0.3232820850008546
20,5,Multi-scale Linear,2022-11-24,-1.1325082218834146,-1.1433594855946292,0.322224032620096,0.31874639716197706
20,5,Multi-scale Linear,2022-11-25,-1.2065921872269738,-1.1201790661984643,0.299215213406693,0.3262213741713008
20,5,Multi-scale Linear,2022-11-28,-1.2064330818732676,-1.1245076428579126,0.299262823936501,0.3248123516762129
20,5,Multi-scale Linear,2022-11-29,-1.2275584250389906,-1.116628640396073,0.293007103849457,0.3273816574865291
20,5,Multi-scale Linear,2022-11-30,-1.2278108796360117,-1.1409377633563034,0.292933142195503,0.31951924783749047
20,5,Multi-scale Linear,2022-12-01,-1.2192774034592095,-1.1423984875595314,0.295443576316529,0.31905285905439723
20,5,Multi-scale Linear,2022-12-02,-1.2403777836738947,-1.1600279783176086,0.289274913953961,0.31347741018936587
20,5,Multi-scale Linear,2022-12-05,-1.2274929590001369,-1.1559400410498444,0.29302628649180096,0.3147615090466293
20,5,Multi-scale Linear,2022-12-06,-1.2249846248846898,-1.1949086496691528,0.29376221691677,0.30273160755155915
20,5,Multi-scale Linear,2022-12-07,-1.248728991970345,-1.187523801463893,0.286869178274332,0.304975509761089
20,5,Multi-scale Linear,2022-12-08,-1.3071994370294595,-1.1411965593564866,0.270576763551762,0.3194365682332055
20,5,Multi-scale Linear,2022-12-09,-1.264162853367211,-1.1245693469729345,0.28247567074322494,0.32479231003583675
20,5,Multi-scale Linear,2022-12-12,-1.2506307043708684,-1.1270359694986094,0.286324154004643,0.3239921572508706
20,5,Multi-scale Linear,2022-12-13,-1.2479889354104543,-1.113841651710192,0.287081556267715,0.32829533908063807
20,5,Multi-scale Linear,2022-12-14,-1.2412864953321012,-1.133364415433722,0.28901216586643,0.32194826455387887
20,5,Multi-scale Linear,2022-12-15,-1.2283404303898977,-1.136096378944163,0.29277806029470793,0.3210699140000057
20,5,Multi-scale Linear,2022-12-16,-1.041239289405047,-1.1752588264007549,0.353016920628781,0.3087390595261925
20,5,Multi-scale Linear,2022-12-19,-1.103142406357328,-1.1601092953320582,0.3318267092723219,0.3134519201786717
20,5,Multi-scale Linear,2022-12-20,-1.1106022831299192,-1.1565521879307898,0.329360533033549,0.3145688877329079
20,5,Multi-scale Linear,2022-12-21,-1.1549852421263518,-1.1178948343046353,0.315062186517044,0.3269673911521468
20,5,Multi-scale Linear,2022-12-22,-1.1539235647870103,-1.1488139731116744,0.315396858526361,0.31701253188954237
20,5,Multi-scale Linear,2022-12-23,-1.1531502917034528,-1.1392106462703175,0.315640840747983,0.32007157181652707
20,5,Multi-scale Linear,2022-12-26,-1.1492961978295737,-1.1542237013534917,0.31685969746401194,0.31530221060052616
20,5,Multi-scale Linear,2022-12-27,-1.1550471548466437,-1.152499879797484,0.31504268076384895,0.31584620408695624
20,5,Multi-scale Linear,2022-12-28,-1.1014762548136667,-1.2055731047091731,0.3323800436977,0.29952029382439294
20,5,Multi-scale Linear,2022-12-29,-1.0973498244016269,-1.197346474507675,0.3337544205033189,0.3019944997541648
20,5,Multi-scale Linear,2022-12-30,-1.1231306173539086,-1.1755809199828406,0.325259934664356,0.30863963266981564
